File_Type,OD
File_Version,3
GP,
MTP_Type,96Wells_Square
MTP_Wells_X,12
MTP_Wells_Y,8
Timestamp,20220404_152700
MTP,4
Plate-ID,
Cal File Used,cal_white96square
Well_Distance_X_MM,9
Well_Distance_Y_MM,9
Well_Shape,Square
Spot_Shape,Rectangle
Rectangle_Spot_Size_X_MM,3.0
Rectangle_Spot_Size_Y_MM,3.0
Deviation_From_Center_X_MM,0.0
Deviation_From_Center_Y_MM,0.0
Deviation_From_Perfect_Parallelness_DEG,0.0
Geometric_Correction_MM,0.50
Ignore_Top_G_Pixel_Percent,25.0
Ignore_Bottom_G_Pixel_Percent,10.0
OD_Profile,Ecoli_LB_GP2_Flux
a,0.0146
b,0.9471
c,0.0001
d,2.1939
e,0
f,2.004
GBlank,28.547
ShutterTime,5.0
Capture Shutter Time,5.0

Time (min),A1,A2,A3,A4,A5,A6,A7,A8,A9,A10,A11,A12,B1,B2,B3,B4,B5,B6,B7,B8,B9,B10,B11,B12,C1,C2,C3,C4,C5,C6,C7,C8,C9,C10,C11,C12,D1,D2,D3,D4,D5,D6,D7,D8,D9,D10,D11,D12,E1,E2,E3,E4,E5,E6,E7,E8,E9,E10,E11,E12,F1,F2,F3,F4,F5,F6,F7,F8,F9,F10,F11,F12,G1,G2,G3,G4,G5,G6,G7,G8,G9,G10,G11,G12,H1,H2,H3,H4,H5,H6,H7,H8,H9,H10,H11,H12,,Input_Image
0,0.214,0.250,0.169,0.095,0.090,0.090,0.098,0.101,0.075,0.077,0.072,0.106,0.159,0.140,0.140,0.132,0.112,0.090,0.104,0.140,0.071,0.039,0.108,0.289,0.182,0.169,0.144,0.158,0.109,0.089,0.089,0.055,0.063,0.060,0.170,0.069,0.205,0.134,0.147,0.133,0.195,0.232,0.170,0.057,0.074,0.060,0.092,0.039,0.272,0.180,0.160,0.138,0.240,0.159,0.168,0.058,0.063,0.047,0.022,0.058,0.132,0.117,0.115,0.186,0.204,0.192,0.118,0.064,0.082,0.054,0.033,0.045,0.274,0.148,0.148,0.136,0.118,0.107,0.092,0.077,0.045,0.123,0.055,0.064,0.162,0.160,0.114,0.128,0.109,0.117,0.133,0.097,0.070,0.073,0.079,0.091,,mtp04_20220404_152700.bmp
20,0.200,0.262,0.155,0.091,0.087,0.090,0.102,0.091,0.074,0.056,0.073,0.096,0.146,0.142,0.117,0.095,0.093,0.076,0.074,0.151,0.076,0.047,0.108,0.189,0.166,0.102,0.110,0.096,0.100,0.079,0.054,0.056,0.084,0.056,0.135,0.062,0.149,0.133,0.122,0.118,0.184,0.204,0.200,0.080,0.068,0.059,0.092,0.035,0.158,0.135,0.125,0.160,0.202,0.152,0.158,0.072,0.074,0.040,0.069,0.042,0.152,0.136,0.110,0.161,0.205,0.156,0.142,0.059,0.068,0.048,0.027,0.047,0.167,0.109,0.100,0.106,0.118,0.094,0.089,0.100,0.045,0.134,0.057,0.063,0.156,0.159,0.110,0.135,0.129,0.118,0.139,0.093,0.077,0.065,0.074,0.083,,mtp04_20220404_154703.bmp
40,0.201,0.240,0.121,0.084,0.074,0.082,0.090,0.081,0.073,0.052,0.063,0.096,0.132,0.109,0.112,0.092,0.091,0.074,0.065,0.116,0.058,0.038,0.099,0.144,0.154,0.102,0.112,0.101,0.096,0.063,0.055,0.049,0.055,0.054,0.125,0.064,0.139,0.126,0.149,0.106,0.176,0.194,0.178,0.074,0.066,0.051,0.020,0.036,0.150,0.124,0.123,0.099,0.199,0.137,0.162,0.055,0.072,0.044,0.027,0.040,0.119,0.114,0.108,0.159,0.179,0.159,0.113,0.043,0.069,0.047,0.026,0.040,0.166,0.111,0.115,0.122,0.115,0.097,0.087,0.077,0.047,0.114,0.049,0.045,0.157,0.171,0.108,0.110,0.093,0.115,0.131,0.094,0.064,0.069,0.076,0.083,,mtp04_20220404_160703.bmp
60,0.200,0.240,0.127,0.080,0.073,0.077,0.081,0.078,0.073,0.050,0.062,0.095,0.132,0.101,0.113,0.085,0.082,0.072,0.069,0.085,0.058,0.041,0.096,0.129,0.152,0.104,0.101,0.091,0.082,0.072,0.047,0.048,0.054,0.050,0.131,0.058,0.144,0.124,0.133,0.107,0.177,0.198,0.177,0.073,0.063,0.044,0.018,0.023,0.148,0.159,0.120,0.100,0.164,0.114,0.166,0.055,0.061,0.043,0.022,0.032,0.116,0.116,0.112,0.159,0.186,0.153,0.122,0.043,0.068,0.044,0.026,0.041,0.166,0.110,0.096,0.102,0.120,0.078,0.084,0.083,0.046,0.111,0.045,0.043,0.156,0.170,0.120,0.112,0.097,0.124,0.116,0.098,0.059,0.065,0.080,0.074,,mtp04_20220404_162703.bmp
80,0.219,0.248,0.132,0.088,0.081,0.083,0.088,0.081,0.074,0.065,0.077,0.106,0.133,0.102,0.118,0.091,0.089,0.077,0.064,0.093,0.060,0.044,0.097,0.131,0.162,0.101,0.107,0.102,0.091,0.062,0.055,0.050,0.056,0.055,0.135,0.063,0.150,0.120,0.137,0.114,0.181,0.204,0.187,0.059,0.065,0.046,0.022,0.028,0.147,0.125,0.131,0.107,0.201,0.127,0.158,0.057,0.071,0.043,0.025,0.040,0.122,0.114,0.112,0.159,0.195,0.159,0.123,0.045,0.068,0.053,0.031,0.046,0.164,0.110,0.098,0.104,0.123,0.088,0.090,0.080,0.041,0.120,0.045,0.048,0.159,0.168,0.113,0.112,0.105,0.116,0.114,0.104,0.065,0.069,0.078,0.078,,mtp04_20220404_164703.bmp
100,0.206,0.246,0.124,0.081,0.083,0.074,0.082,0.079,0.070,0.054,0.073,0.100,0.138,0.106,0.122,0.087,0.091,0.071,0.062,0.089,0.058,0.049,0.105,0.137,0.152,0.096,0.100,0.095,0.085,0.062,0.053,0.050,0.051,0.055,0.137,0.067,0.145,0.125,0.128,0.112,0.176,0.203,0.180,0.057,0.062,0.045,0.026,0.028,0.156,0.130,0.132,0.104,0.173,0.116,0.153,0.060,0.062,0.043,0.024,0.040,0.125,0.116,0.116,0.164,0.189,0.157,0.117,0.041,0.067,0.051,0.030,0.050,0.172,0.108,0.102,0.111,0.116,0.082,0.095,0.082,0.047,0.122,0.052,0.049,0.165,0.184,0.116,0.113,0.096,0.137,0.115,0.103,0.066,0.069,0.085,0.088,,mtp04_20220404_170703.bmp
120,0.228,0.248,0.131,0.089,0.086,0.079,0.085,0.080,0.070,0.054,0.077,0.101,0.132,0.109,0.126,0.093,0.089,0.073,0.070,0.088,0.057,0.043,0.079,0.096,0.161,0.102,0.110,0.098,0.087,0.058,0.055,0.046,0.054,0.050,0.139,0.067,0.146,0.123,0.128,0.112,0.181,0.189,0.181,0.058,0.059,0.049,0.024,0.031,0.154,0.122,0.124,0.102,0.169,0.118,0.158,0.053,0.063,0.044,0.026,0.042,0.117,0.114,0.112,0.164,0.193,0.159,0.133,0.033,0.074,0.055,0.028,0.051,0.170,0.110,0.096,0.107,0.119,0.086,0.086,0.094,0.046,0.124,0.042,0.050,0.175,0.189,0.119,0.116,0.102,0.123,0.122,0.102,0.068,0.067,0.083,0.089,,mtp04_20220404_172703.bmp
140,0.220,0.246,0.138,0.090,0.090,0.071,0.082,0.079,0.084,0.060,0.075,0.103,0.125,0.117,0.125,0.090,0.083,0.075,0.070,0.092,0.050,0.041,0.097,0.106,0.161,0.101,0.108,0.095,0.084,0.059,0.056,0.047,0.057,0.046,0.141,0.078,0.144,0.117,0.118,0.115,0.189,0.190,0.171,0.054,0.059,0.047,0.024,0.031,0.157,0.129,0.123,0.106,0.171,0.116,0.152,0.056,0.067,0.042,0.024,0.042,0.125,0.120,0.115,0.172,0.212,0.152,0.112,0.039,0.073,0.063,0.026,0.057,0.179,0.101,0.096,0.110,0.117,0.089,0.091,0.090,0.044,0.119,0.041,0.051,0.168,0.177,0.117,0.118,0.097,0.120,0.121,0.103,0.071,0.066,0.081,0.089,,mtp04_20220404_174704.bmp
160,0.229,0.251,0.144,0.086,0.096,0.076,0.082,0.079,0.080,0.067,0.076,0.116,0.133,0.126,0.129,0.092,0.090,0.082,0.066,0.099,0.057,0.044,0.124,0.112,0.153,0.105,0.112,0.105,0.084,0.059,0.049,0.044,0.054,0.050,0.135,0.074,0.147,0.120,0.121,0.114,0.190,0.195,0.182,0.057,0.061,0.052,0.035,0.032,0.165,0.125,0.128,0.101,0.182,0.129,0.168,0.054,0.062,0.047,0.025,0.059,0.129,0.126,0.119,0.193,0.223,0.156,0.120,0.044,0.071,0.073,0.030,0.065,0.171,0.101,0.095,0.105,0.122,0.095,0.099,0.083,0.044,0.121,0.044,0.052,0.172,0.172,0.119,0.116,0.100,0.122,0.121,0.101,0.074,0.069,0.085,0.089,,mtp04_20220404_180702.bmp
180,0.229,0.260,0.148,0.103,0.096,0.075,0.084,0.088,0.081,0.060,0.084,0.121,0.129,0.139,0.146,0.099,0.096,0.085,0.079,0.099,0.055,0.045,0.103,0.116,0.162,0.116,0.114,0.108,0.081,0.065,0.055,0.041,0.053,0.051,0.155,0.080,0.146,0.128,0.123,0.118,0.201,0.197,0.178,0.065,0.057,0.061,0.038,0.035,0.172,0.128,0.124,0.095,0.178,0.115,0.151,0.062,0.062,0.049,0.021,0.069,0.137,0.117,0.123,0.203,0.242,0.143,0.131,0.034,0.084,0.081,0.035,0.077,0.198,0.103,0.092,0.104,0.131,0.088,0.102,0.079,0.043,0.115,0.043,0.055,0.170,0.173,0.113,0.112,0.108,0.124,0.127,0.099,0.076,0.076,0.085,0.093,,mtp04_20220404_182704.bmp
200,0.244,0.280,0.154,0.090,0.101,0.078,0.083,0.090,0.082,0.063,0.080,0.117,0.146,0.138,0.141,0.112,0.108,0.100,0.080,0.107,0.056,0.048,0.111,0.118,0.177,0.119,0.107,0.108,0.089,0.069,0.052,0.044,0.053,0.051,0.184,0.084,0.149,0.125,0.121,0.127,0.209,0.191,0.172,0.063,0.059,0.068,0.028,0.031,0.172,0.133,0.132,0.096,0.168,0.131,0.155,0.054,0.063,0.046,0.024,0.070,0.142,0.121,0.125,0.237,0.232,0.150,0.128,0.039,0.085,0.076,0.034,0.085,0.170,0.105,0.099,0.104,0.139,0.084,0.106,0.087,0.044,0.120,0.042,0.055,0.169,0.181,0.128,0.118,0.103,0.130,0.130,0.092,0.072,0.076,0.080,0.082,,mtp04_20220404_184707.bmp
220,0.247,0.269,0.169,0.105,0.103,0.076,0.085,0.092,0.096,0.071,0.087,0.142,0.133,0.152,0.145,0.125,0.114,0.096,0.088,0.120,0.056,0.054,0.125,0.121,0.183,0.114,0.118,0.116,0.090,0.079,0.058,0.047,0.065,0.047,0.198,0.083,0.148,0.135,0.120,0.132,0.220,0.195,0.182,0.060,0.058,0.076,0.041,0.030,0.180,0.132,0.139,0.095,0.181,0.117,0.175,0.064,0.069,0.055,0.029,0.084,0.142,0.121,0.127,0.273,0.255,0.150,0.132,0.042,0.083,0.105,0.037,0.088,0.183,0.105,0.101,0.108,0.146,0.098,0.105,0.087,0.044,0.124,0.045,0.051,0.175,0.176,0.118,0.120,0.108,0.125,0.148,0.109,0.083,0.088,0.088,0.093,,mtp04_20220404_190704.bmp
240,0.240,0.280,0.167,0.099,0.116,0.081,0.085,0.090,0.097,0.068,0.096,0.127,0.139,0.162,0.161,0.138,0.130,0.113,0.082,0.118,0.053,0.052,0.097,0.125,0.177,0.131,0.122,0.120,0.091,0.081,0.060,0.049,0.064,0.047,0.217,0.095,0.145,0.137,0.120,0.132,0.253,0.181,0.187,0.060,0.059,0.077,0.033,0.034,0.186,0.140,0.137,0.095,0.172,0.123,0.160,0.064,0.067,0.059,0.024,0.110,0.148,0.134,0.136,0.299,0.274,0.148,0.137,0.039,0.084,0.116,0.040,0.111,0.178,0.109,0.096,0.109,0.154,0.101,0.110,0.086,0.039,0.121,0.045,0.059,0.174,0.175,0.125,0.116,0.111,0.117,0.145,0.105,0.070,0.084,0.091,0.097,,mtp04_20220404_192702.bmp
260,0.247,0.268,0.165,0.097,0.116,0.076,0.079,0.081,0.095,0.062,0.083,0.108,0.137,0.166,0.179,0.144,0.133,0.109,0.080,0.125,0.050,0.050,0.129,0.133,0.173,0.133,0.123,0.113,0.086,0.074,0.044,0.050,0.059,0.043,0.233,0.082,0.142,0.139,0.115,0.138,0.250,0.174,0.181,0.053,0.056,0.079,0.033,0.026,0.192,0.136,0.137,0.094,0.165,0.114,0.155,0.061,0.066,0.050,0.022,0.110,0.152,0.134,0.129,0.351,0.281,0.148,0.135,0.033,0.082,0.124,0.038,0.120,0.197,0.105,0.098,0.113,0.150,0.100,0.108,0.080,0.039,0.120,0.041,0.058,0.174,0.194,0.113,0.113,0.105,0.118,0.147,0.110,0.073,0.084,0.088,0.092,,mtp04_20220404_194704.bmp
280,0.257,0.286,0.186,0.104,0.123,0.083,0.087,0.097,0.088,0.070,0.096,0.130,0.149,0.184,0.209,0.168,0.154,0.123,0.079,0.126,0.053,0.054,0.103,0.122,0.182,0.146,0.123,0.132,0.090,0.073,0.050,0.055,0.067,0.048,0.259,0.090,0.141,0.145,0.131,0.145,0.267,0.183,0.192,0.052,0.059,0.080,0.030,0.035,0.189,0.148,0.141,0.097,0.172,0.123,0.161,0.055,0.067,0.056,0.029,0.120,0.155,0.130,0.132,0.416,0.302,0.146,0.142,0.038,0.098,0.141,0.038,0.121,0.180,0.108,0.099,0.118,0.152,0.103,0.111,0.086,0.039,0.126,0.043,0.060,0.169,0.195,0.123,0.120,0.105,0.126,0.149,0.124,0.078,0.080,0.088,0.091,,mtp04_20220404_200703.bmp
300,0.246,0.273,0.175,0.105,0.127,0.081,0.078,0.089,0.096,0.063,0.082,0.116,0.140,0.187,0.206,0.162,0.141,0.119,0.086,0.136,0.052,0.051,0.126,0.137,0.177,0.141,0.126,0.131,0.084,0.071,0.045,0.052,0.058,0.042,0.278,0.093,0.141,0.139,0.109,0.134,0.256,0.177,0.178,0.048,0.057,0.079,0.035,0.028,0.197,0.145,0.140,0.090,0.165,0.126,0.157,0.062,0.063,0.053,0.025,0.121,0.153,0.121,0.126,0.417,0.300,0.143,0.136,0.033,0.087,0.132,0.040,0.120,0.197,0.106,0.092,0.119,0.158,0.100,0.117,0.085,0.039,0.120,0.043,0.054,0.170,0.191,0.122,0.113,0.104,0.133,0.149,0.104,0.078,0.091,0.086,0.089,,mtp04_20220404_202704.bmp
320,0.264,0.315,0.177,0.102,0.122,0.083,0.084,0.089,0.102,0.075,0.080,0.125,0.145,0.195,0.212,0.174,0.170,0.122,0.068,0.145,0.052,0.057,0.111,0.131,0.191,0.146,0.135,0.137,0.090,0.082,0.050,0.054,0.056,0.045,0.296,0.095,0.140,0.135,0.116,0.147,0.267,0.182,0.173,0.052,0.058,0.087,0.029,0.024,0.215,0.153,0.146,0.096,0.172,0.130,0.169,0.064,0.071,0.045,0.026,0.124,0.159,0.131,0.134,0.455,0.327,0.153,0.141,0.037,0.095,0.149,0.044,0.147,0.202,0.110,0.094,0.128,0.168,0.093,0.120,0.086,0.042,0.116,0.042,0.049,0.178,0.182,0.121,0.114,0.111,0.121,0.157,0.116,0.079,0.084,0.082,0.080,,mtp04_20220404_204703.bmp
340,0.268,0.286,0.190,0.113,0.125,0.088,0.083,0.094,0.087,0.064,0.092,0.119,0.147,0.204,0.220,0.180,0.164,0.127,0.069,0.141,0.053,0.055,0.132,0.081,0.179,0.154,0.130,0.140,0.090,0.078,0.048,0.054,0.065,0.046,0.307,0.094,0.143,0.144,0.117,0.139,0.274,0.179,0.171,0.052,0.063,0.085,0.040,0.021,0.206,0.154,0.149,0.095,0.169,0.134,0.166,0.059,0.067,0.057,0.032,0.129,0.139,0.133,0.132,0.500,0.336,0.149,0.141,0.037,0.105,0.168,0.035,0.143,0.189,0.107,0.093,0.129,0.169,0.105,0.129,0.085,0.044,0.116,0.044,0.071,0.173,0.184,0.115,0.118,0.124,0.134,0.163,0.121,0.085,0.085,0.095,0.085,,mtp04_20220404_210704.bmp
360,0.256,0.294,0.176,0.117,0.134,0.089,0.085,0.091,0.087,0.072,0.085,0.141,0.152,0.206,0.218,0.188,0.195,0.138,0.071,0.159,0.055,0.052,0.132,0.086,0.196,0.160,0.132,0.143,0.090,0.086,0.050,0.058,0.066,0.047,0.313,0.095,0.141,0.145,0.117,0.150,0.284,0.188,0.170,0.054,0.061,0.089,0.040,0.022,0.233,0.159,0.149,0.096,0.170,0.141,0.166,0.058,0.069,0.056,0.022,0.135,0.140,0.132,0.130,0.522,0.329,0.146,0.151,0.036,0.106,0.190,0.041,0.152,0.184,0.109,0.093,0.133,0.174,0.110,0.122,0.084,0.041,0.121,0.043,0.058,0.171,0.172,0.115,0.121,0.111,0.127,0.166,0.113,0.081,0.086,0.094,0.086,,mtp04_20220404_212704.bmp
380,0.275,0.320,0.181,0.110,0.136,0.087,0.085,0.086,0.088,0.067,0.087,0.133,0.150,0.206,0.229,0.191,0.196,0.129,0.069,0.178,0.057,0.058,0.110,0.085,0.195,0.157,0.139,0.141,0.092,0.084,0.050,0.057,0.058,0.046,0.328,0.096,0.141,0.146,0.119,0.145,0.290,0.186,0.181,0.057,0.063,0.093,0.042,0.020,0.229,0.159,0.164,0.098,0.171,0.152,0.176,0.066,0.073,0.060,0.026,0.154,0.142,0.133,0.133,0.537,0.325,0.151,0.148,0.042,0.110,0.191,0.049,0.157,0.182,0.111,0.099,0.135,0.170,0.113,0.131,0.086,0.045,0.120,0.042,0.067,0.179,0.184,0.125,0.131,0.113,0.134,0.182,0.115,0.090,0.089,0.100,0.081,,mtp04_20220404_214703.bmp
400,0.268,0.320,0.191,0.125,0.151,0.088,0.086,0.102,0.094,0.074,0.098,0.141,0.153,0.213,0.225,0.203,0.211,0.135,0.068,0.159,0.066,0.067,0.091,0.085,0.198,0.162,0.134,0.148,0.096,0.085,0.055,0.066,0.059,0.048,0.332,0.126,0.145,0.150,0.122,0.152,0.284,0.190,0.195,0.061,0.068,0.104,0.043,0.022,0.258,0.168,0.155,0.102,0.178,0.169,0.170,0.067,0.080,0.066,0.025,0.161,0.148,0.136,0.139,0.569,0.332,0.156,0.164,0.046,0.115,0.203,0.051,0.184,0.196,0.115,0.096,0.140,0.172,0.122,0.140,0.091,0.058,0.120,0.045,0.089,0.177,0.178,0.134,0.153,0.125,0.139,0.215,0.116,0.103,0.095,0.103,0.088,,mtp04_20220404_220705.bmp
420,0.252,0.301,0.196,0.126,0.163,0.087,0.085,0.092,0.098,0.064,0.095,0.147,0.159,0.216,0.224,0.205,0.214,0.131,0.062,0.181,0.072,0.072,0.132,0.095,0.190,0.154,0.117,0.148,0.097,0.085,0.057,0.074,0.059,0.048,0.337,0.115,0.139,0.145,0.120,0.149,0.285,0.196,0.203,0.065,0.070,0.112,0.044,0.017,0.251,0.166,0.156,0.110,0.173,0.181,0.191,0.066,0.087,0.061,0.025,0.159,0.142,0.130,0.130,0.539,0.341,0.152,0.170,0.049,0.124,0.234,0.069,0.169,0.185,0.110,0.096,0.137,0.171,0.129,0.148,0.094,0.066,0.127,0.039,0.106,0.189,0.179,0.148,0.156,0.118,0.147,0.284,0.123,0.122,0.098,0.118,0.091,,mtp04_20220404_222703.bmp
440,0.258,0.332,0.230,0.162,0.220,0.097,0.090,0.115,0.118,0.071,0.121,0.154,0.186,0.270,0.277,0.232,0.256,0.135,0.067,0.226,0.090,0.089,0.092,0.110,0.196,0.157,0.115,0.162,0.109,0.096,0.070,0.091,0.087,0.057,0.386,0.141,0.138,0.149,0.129,0.154,0.307,0.217,0.227,0.082,0.082,0.148,0.034,0.021,0.288,0.175,0.175,0.124,0.181,0.209,0.219,0.072,0.109,0.088,0.038,0.182,0.144,0.129,0.135,0.547,0.353,0.168,0.198,0.066,0.167,0.262,0.089,0.187,0.196,0.110,0.108,0.143,0.204,0.180,0.180,0.109,0.083,0.134,0.039,0.165,0.223,0.181,0.178,0.185,0.131,0.184,0.460,0.122,0.168,0.112,0.139,0.113,,mtp04_20220404_224704.bmp
460,0.256,0.358,0.321,0.234,0.349,0.118,0.110,0.143,0.178,0.082,0.151,0.223,0.217,0.316,0.329,0.296,0.319,0.173,0.066,0.333,0.108,0.146,0.122,0.144,0.206,0.161,0.120,0.202,0.139,0.113,0.095,0.144,0.099,0.077,0.454,0.201,0.145,0.152,0.152,0.163,0.361,0.245,0.251,0.107,0.101,0.233,0.065,0.024,0.454,0.201,0.189,0.163,0.205,0.258,0.276,0.112,0.163,0.098,0.062,0.226,0.167,0.139,0.135,0.606,0.403,0.186,0.281,0.097,0.227,0.382,0.136,0.194,0.217,0.113,0.134,0.162,0.241,0.258,0.273,0.138,0.113,0.158,0.044,0.260,0.260,0.183,0.208,0.256,0.165,0.238,0.810,0.139,0.284,0.151,0.166,0.144,,mtp04_20220404_230705.bmp
480,0.265,0.447,0.523,0.378,0.603,0.162,0.143,0.206,0.275,0.084,0.228,0.320,0.265,0.401,0.508,0.440,0.431,0.206,0.069,0.563,0.149,0.207,0.160,0.202,0.199,0.165,0.145,0.272,0.196,0.148,0.129,0.239,0.158,0.095,0.651,0.294,0.150,0.171,0.175,0.184,0.464,0.260,0.333,0.144,0.132,0.424,0.081,0.028,0.733,0.257,0.230,0.171,0.232,0.343,0.385,0.121,0.278,0.166,0.078,0.335,0.167,0.139,0.151,0.701,0.511,0.235,0.444,0.150,0.360,0.646,0.237,0.218,0.275,0.119,0.166,0.193,0.344,0.481,0.459,0.199,0.191,0.180,0.045,0.460,0.333,0.193,0.287,0.446,0.223,0.376,1.597,0.207,0.589,0.208,0.220,0.183,,mtp04_20220404_232704.bmp
500,0.280,0.624,0.883,0.713,1.138,0.233,0.205,0.333,0.502,0.085,0.375,0.563,0.410,0.655,0.875,0.768,0.744,0.278,0.071,1.053,0.256,0.425,0.145,0.329,0.203,0.150,0.140,0.440,0.321,0.250,0.211,0.466,0.260,0.129,0.995,0.580,0.170,0.229,0.194,0.210,0.625,0.328,0.523,0.245,0.209,0.860,0.154,0.038,1.347,0.381,0.288,0.224,0.255,0.526,0.677,0.142,0.552,0.284,0.114,0.546,0.217,0.149,0.178,0.868,0.759,0.302,0.838,0.287,0.713,1.218,0.467,0.305,0.319,0.121,0.238,0.274,0.590,0.935,0.877,0.344,0.375,0.221,0.049,0.923,0.541,0.210,0.499,0.837,0.379,0.633,2.677,0.286,1.101,0.377,0.369,0.285,,mtp04_20220404_234704.bmp
520,0.278,0.924,1.611,1.384,1.995,0.425,0.326,0.582,0.968,0.148,0.729,1.029,0.763,1.160,1.619,1.416,1.375,0.445,0.103,1.907,0.498,0.924,0.201,0.652,0.213,0.151,0.169,0.840,0.619,0.443,0.417,1.000,0.456,0.219,1.620,1.071,0.188,0.308,0.267,0.267,1.069,0.503,0.973,0.489,0.399,1.644,0.258,0.053,2.553,0.700,0.488,0.421,0.328,0.941,1.329,0.247,1.186,0.570,0.226,1.073,0.348,0.168,0.219,1.152,1.299,0.466,1.696,0.621,1.464,2.033,0.906,0.470,0.510,0.150,0.429,0.422,1.103,1.919,1.766,0.678,0.807,0.334,0.063,1.694,0.967,0.243,0.951,1.779,0.639,1.276,3.754,0.489,1.976,0.698,0.641,0.481,,mtp04_20220405_000704.bmp
540,0.262,1.489,2.627,2.417,3.119,0.813,0.672,1.167,1.709,0.168,1.317,1.724,1.393,2.091,2.753,2.523,2.415,0.902,0.114,3.088,1.026,1.667,0.309,1.279,0.255,0.151,0.202,1.702,1.238,0.899,0.894,1.936,1.014,0.418,2.514,1.998,0.212,0.524,0.422,0.432,1.936,0.895,1.860,1.044,0.842,2.716,0.521,0.068,4.304,1.377,0.888,0.751,0.507,1.818,2.404,0.446,2.185,1.181,0.452,1.811,0.538,0.209,0.302,1.869,2.313,0.893,2.910,1.355,2.494,3.109,1.735,0.808,0.897,0.168,0.878,0.831,2.084,3.187,3.006,1.408,1.594,0.598,0.100,2.756,1.885,0.292,1.853,2.916,1.265,2.253,4.505,1.045,3.023,1.319,1.306,0.886,,mtp04_20220405_002704.bmp
560,0.269,2.373,3.517,3.367,3.898,1.500,1.195,1.952,2.496,0.270,2.098,2.520,2.681,3.419,3.974,3.674,3.657,1.674,0.179,3.994,1.827,2.507,0.620,2.100,0.312,0.159,0.291,2.896,2.351,1.814,1.746,3.022,1.855,0.841,3.191,2.957,0.286,0.914,0.827,0.776,3.177,1.707,3.048,1.950,1.611,3.487,1.115,0.102,5.772,2.660,1.739,1.577,0.936,3.015,3.638,0.938,3.236,2.095,0.936,2.800,1.111,0.291,0.476,2.894,3.652,1.739,4.047,2.353,3.483,3.752,2.676,1.348,1.712,0.264,1.834,1.652,3.358,4.332,4.126,2.490,2.637,1.146,0.166,3.506,3.073,0.375,2.983,3.819,2.252,3.351,4.987,1.903,3.640,2.189,2.185,1.571,,mtp04_20220405_004704.bmp
580,0.256,3.761,4.376,4.182,4.676,2.581,2.112,2.942,3.156,0.555,2.958,3.161,4.415,4.730,4.931,4.598,4.706,3.041,0.317,4.842,2.871,3.226,1.131,2.968,0.483,0.187,0.548,4.179,3.799,3.218,3.063,4.121,3.013,1.645,3.824,3.752,0.475,1.889,1.757,1.666,4.658,3.040,4.422,3.208,2.777,4.247,1.988,0.186,7.030,4.430,3.224,2.966,1.895,4.426,4.774,1.757,4.058,3.198,1.845,3.682,2.250,0.533,0.969,4.450,4.967,3.102,5.019,3.456,4.324,4.358,3.549,2.334,3.129,0.385,3.279,3.060,4.500,5.403,5.095,3.765,3.645,2.017,0.296,4.293,4.506,0.600,4.211,4.659,3.510,4.254,5.622,3.084,4.345,3.058,3.282,2.598,,mtp04_20220405_010705.bmp
600,0.261,4.691,5.060,4.752,5.268,3.475,3.071,3.596,3.737,1.012,3.573,3.704,5.500,5.550,5.676,5.338,5.490,4.182,0.604,5.383,3.556,3.770,1.927,3.535,0.854,0.233,1.100,4.940,4.915,4.431,4.197,4.921,3.921,2.620,4.338,4.336,0.964,3.376,3.118,2.917,5.713,4.431,5.373,4.168,3.721,4.788,2.817,0.414,7.977,5.820,4.876,4.566,3.283,5.340,5.590,2.925,4.743,3.931,2.819,4.310,4.016,1.066,1.875,5.760,5.848,4.435,5.743,4.216,4.970,4.810,4.154,3.296,4.817,0.620,4.647,4.463,5.324,6.060,5.759,4.540,4.363,2.936,0.646,4.871,5.548,1.138,4.990,5.310,4.260,4.965,6.003,3.970,4.888,3.690,3.988,3.319,,mtp04_20220405_012703.bmp
620,0.251,5.508,5.684,5.227,5.681,4.170,3.717,4.187,4.217,1.699,4.073,4.117,6.489,6.348,6.376,6.023,6.132,5.002,1.193,5.838,4.223,4.261,2.850,4.094,1.654,0.346,2.169,5.743,5.842,5.340,5.068,5.501,4.643,3.316,4.783,4.821,1.995,4.977,4.743,4.399,6.526,5.483,6.141,4.942,4.485,5.229,3.349,0.832,8.563,6.882,6.199,5.846,4.629,6.039,6.182,3.919,5.210,4.545,3.487,4.854,5.730,2.150,3.299,6.837,6.603,5.400,6.358,4.895,5.547,5.110,4.576,3.934,5.991,1.100,5.781,5.573,6.043,6.575,6.279,5.270,4.926,3.600,1.321,5.356,6.446,2.101,5.740,5.833,4.940,5.617,6.136,4.718,5.285,4.264,4.574,3.975,,mtp04_20220405_014704.bmp
640,0.270,6.203,6.215,5.611,5.998,4.738,4.325,4.671,4.611,2.442,4.483,4.468,7.319,6.940,6.926,6.575,6.628,5.719,2.219,6.222,4.834,4.636,3.516,4.544,3.017,0.609,3.631,6.436,6.617,6.040,5.776,5.969,5.188,3.844,5.153,5.176,3.549,6.077,6.027,5.398,7.236,6.291,6.718,5.508,5.118,5.551,3.882,1.614,8.963,7.747,7.220,6.896,5.656,6.631,6.683,4.617,5.599,4.971,4.116,5.225,7.128,3.774,4.846,7.429,7.286,6.224,6.783,5.424,5.946,5.371,4.917,4.419,6.987,1.915,6.595,6.399,6.641,6.959,6.706,5.839,5.379,4.189,2.294,5.705,7.192,3.456,6.336,6.181,5.600,6.072,6.210,5.324,5.555,4.694,5.080,4.483,,mtp04_20220405_020704.bmp
660,0.277,6.828,6.636,5.842,6.259,5.173,4.840,5.016,4.942,2.965,4.806,4.707,8.086,7.424,7.371,7.032,7.050,6.360,3.501,6.520,5.284,4.953,4.098,4.837,4.552,1.234,4.940,6.912,7.232,6.601,6.309,6.335,5.629,4.413,5.447,5.504,4.940,6.990,7.077,6.292,7.716,6.921,7.146,5.916,5.574,5.814,4.289,2.542,9.261,8.369,8.034,7.661,6.532,7.093,7.042,5.153,5.860,5.348,4.596,5.505,8.126,5.098,6.067,7.898,7.773,6.927,7.124,5.784,6.260,5.559,5.174,4.856,7.805,3.147,7.225,7.079,7.037,7.299,6.970,6.269,5.686,4.571,3.202,5.980,7.677,4.452,6.768,6.477,6.062,6.400,6.164,5.777,5.802,5.015,5.428,4.888,,mtp04_20220405_022704.bmp
680,0.340,7.105,6.707,5.753,6.347,5.352,5.115,5.176,5.082,3.392,4.853,4.765,8.409,7.570,7.545,7.201,7.150,6.647,4.287,6.601,5.518,5.046,4.447,4.912,5.399,2.285,5.840,7.133,7.511,6.842,6.490,6.435,5.801,4.691,5.563,5.591,5.853,7.583,7.623,6.836,7.865,7.169,7.256,6.067,5.725,5.849,4.508,3.099,9.194,8.563,8.334,7.915,6.967,7.167,7.109,5.443,5.935,5.446,4.854,5.572,8.498,5.924,6.756,8.004,7.894,7.207,7.182,5.909,6.295,5.561,5.182,5.049,8.165,4.492,7.447,7.273,7.156,7.332,6.960,6.425,5.763,4.785,3.860,6.074,7.855,5.128,6.859,6.461,6.197,6.477,5.865,5.958,5.840,5.111,5.537,5.059,,mtp04_20220405_024705.bmp
700,0.432,7.651,7.158,5.898,6.757,5.793,5.666,5.515,5.434,3.923,5.143,5.033,9.057,8.048,8.086,7.692,7.597,7.198,5.146,6.984,5.957,5.379,4.898,5.227,6.475,3.766,6.853,7.683,8.036,7.390,6.979,6.912,6.225,5.253,5.925,5.900,7.014,8.412,8.403,7.607,8.416,7.696,7.800,6.496,6.186,6.184,4.896,3.728,9.597,9.191,9.004,8.550,7.679,7.450,7.599,5.927,6.278,5.814,5.273,5.933,9.095,6.952,7.682,8.495,8.425,7.775,7.637,6.307,6.706,5.857,5.428,5.456,8.833,5.787,8.045,7.878,7.642,7.796,7.198,6.906,6.163,5.172,4.587,6.469,8.362,6.050,7.327,6.805,6.648,6.917,5.818,6.371,6.183,5.454,5.966,5.408,,mtp04_20220405_030704.bmp
720,0.559,7.958,7.375,5.858,6.945,6.019,5.951,5.670,5.612,4.282,5.201,5.137,9.394,8.358,8.345,7.925,7.805,7.475,5.856,7.154,6.166,5.543,5.219,5.286,7.322,4.841,7.539,7.986,8.256,7.671,7.224,7.135,6.395,5.566,6.093,6.096,7.827,8.888,8.834,8.045,8.744,7.863,8.094,6.715,6.378,6.386,5.110,4.276,9.712,9.519,9.371,8.926,7.986,7.450,7.820,6.150,6.442,5.884,5.517,6.085,9.375,7.728,8.149,8.711,8.654,8.100,7.872,6.526,6.946,5.989,5.461,5.698,9.177,6.345,8.364,8.161,7.871,8.044,7.145,7.147,6.359,5.288,5.069,6.641,8.650,6.691,7.583,6.932,6.853,7.127,5.611,6.603,6.372,5.636,6.165,5.571,,mtp04_20220405_032704.bmp
740,0.890,8.212,7.572,5.701,7.097,6.151,6.162,5.762,5.728,4.607,5.221,5.159,9.506,8.458,8.552,8.130,7.997,7.738,6.401,7.314,6.372,5.697,5.435,5.333,7.929,5.619,8.035,8.196,8.390,7.931,7.431,7.324,6.611,5.817,6.222,6.242,8.470,9.243,9.224,8.364,9.019,7.889,8.327,6.887,6.573,6.513,5.266,4.747,9.656,9.832,9.692,9.259,8.294,7.358,7.975,6.313,6.576,5.953,5.700,6.248,9.580,8.276,8.534,8.885,8.915,8.396,8.050,6.700,7.110,6.063,5.382,5.878,9.532,6.711,8.635,8.452,8.044,8.241,6.877,7.347,6.571,5.333,5.395,6.817,8.917,7.164,7.800,6.984,7.080,7.318,5.450,6.785,6.511,5.778,6.345,5.730,,mtp04_20220405_034705.bmp
760,1.486,8.534,7.760,5.497,7.249,6.341,6.356,5.790,5.902,4.857,5.188,5.171,9.701,8.543,8.695,8.280,8.158,7.905,6.796,7.408,6.538,5.788,5.638,5.311,8.355,6.422,8.421,8.228,8.536,8.153,7.542,7.542,6.745,6.030,6.363,6.353,8.938,9.531,9.540,8.636,9.258,7.763,8.548,7.070,6.684,6.578,5.409,5.149,9.584,10.064,9.919,9.527,8.562,7.016,8.144,6.390,6.681,5.890,5.874,6.379,9.793,8.636,8.863,9.066,9.122,8.638,8.233,6.839,7.266,6.120,5.199,5.997,9.731,6.943,8.918,8.665,8.214,8.411,6.487,7.501,6.722,5.312,5.648,6.975,9.163,7.501,7.943,7.009,7.227,7.499,5.290,6.957,6.643,5.934,6.501,5.777,,mtp04_20220405_040705.bmp
780,2.362,8.459,7.686,5.201,7.070,6.303,6.316,5.618,5.839,4.911,5.005,5.002,9.400,8.376,8.605,8.219,8.088,7.895,6.914,7.304,6.514,5.751,5.641,5.148,8.455,6.842,8.467,8.144,8.413,8.133,7.425,7.487,6.704,6.024,6.264,6.260,9.038,9.470,9.543,8.639,9.194,7.103,8.499,6.911,6.538,6.490,5.355,5.337,9.202,9.988,9.888,9.464,8.546,6.215,8.047,6.292,6.528,5.636,5.883,6.290,9.742,8.722,8.880,8.934,9.006,8.573,8.138,6.790,7.172,5.927,4.881,6.008,9.682,6.848,8.900,8.586,8.154,8.312,5.895,7.506,6.659,5.082,5.691,6.896,9.092,7.553,7.940,6.791,7.183,7.418,5.069,6.883,6.578,5.852,6.483,5.705,,mtp04_20220405_042704.bmp
800,3.717,8.955,8.088,5.225,7.301,6.630,6.664,5.738,6.147,5.234,5.086,5.143,9.725,8.577,9.022,8.621,8.454,8.286,7.423,7.566,6.894,6.025,5.925,5.223,8.984,7.555,8.965,8.421,8.767,8.556,7.710,7.836,6.992,6.379,6.569,6.585,9.576,9.877,9.963,9.106,9.694,6.745,8.823,7.122,6.736,6.752,5.632,5.755,9.370,10.504,10.310,9.944,9.040,5.905,8.436,6.399,6.676,5.638,6.208,6.589,10.233,9.224,9.469,9.287,9.435,8.921,8.411,7.041,7.457,6.112,4.817,6.318,10.007,7.256,9.364,9.052,8.549,8.706,5.743,7.857,6.995,5.051,6.042,7.214,9.541,8.012,8.300,6.966,7.545,7.799,5.103,7.217,6.890,6.133,6.788,5.895,,mtp04_20220405_044705.bmp
820,4.577,9.150,8.169,5.108,7.290,6.739,6.783,5.609,6.225,5.391,4.977,5.052,9.750,8.494,9.045,8.690,8.603,8.446,7.649,7.541,6.951,6.124,5.953,5.049,9.136,7.940,9.206,8.406,8.831,8.728,7.744,7.976,7.075,6.492,6.652,6.638,9.883,9.989,9.999,9.293,9.816,6.294,8.780,7.104,6.703,6.759,5.730,5.960,9.113,10.684,10.355,10.120,9.225,5.496,8.560,6.101,6.556,5.396,6.274,6.679,10.415,9.455,9.663,9.334,9.604,8.951,8.406,7.090,7.463,5.930,4.636,6.428,10.092,7.321,9.433,9.167,8.700,8.805,5.486,8.037,7.103,4.856,6.186,7.310,9.616,8.254,8.398,6.842,7.685,7.941,4.975,7.361,6.980,6.240,6.886,5.847,,mtp04_20220405_050705.bmp
840,5.415,9.249,8.206,5.025,7.277,6.870,6.925,5.425,6.278,5.552,4.913,4.969,9.838,8.313,9.096,8.811,8.627,8.564,7.860,7.497,7.135,6.224,6.024,4.888,9.158,8.278,9.398,8.353,8.877,8.883,7.788,8.064,7.149,6.651,6.727,6.762,10.131,10.103,9.969,9.448,9.922,6.086,8.846,7.097,6.750,6.802,5.820,6.104,8.952,10.741,10.367,10.268,9.416,5.254,8.634,5.656,6.586,5.172,6.335,6.769,10.519,9.673,9.862,9.382,9.705,9.007,8.400,7.110,7.425,5.595,4.496,6.514,10.098,7.276,9.437,9.308,8.834,8.950,5.311,8.140,7.135,4.679,6.387,7.440,9.532,8.437,8.471,6.634,7.827,8.038,4.888,7.454,7.081,6.334,6.985,5.699,,mtp04_20220405_052706.bmp
860,5.860,8.983,7.934,4.804,7.019,6.785,6.781,5.062,6.104,5.496,4.678,4.742,9.606,7.760,8.833,8.640,8.405,8.366,7.874,7.148,7.014,6.115,5.809,4.595,8.783,8.269,9.330,8.074,8.671,8.650,7.606,7.914,7.023,6.566,6.588,6.609,10.007,9.785,9.775,9.357,9.695,5.795,8.554,6.872,6.564,6.623,5.747,6.094,8.437,10.410,10.189,10.041,9.274,4.873,8.503,5.243,6.378,4.850,6.155,6.625,10.303,9.569,9.776,9.187,9.535,8.806,8.073,6.884,7.164,5.029,4.207,6.421,9.801,7.046,9.128,9.153,8.648,8.769,4.966,7.998,6.952,4.400,6.315,7.272,9.178,8.406,8.210,6.202,7.681,7.916,4.648,7.315,6.916,6.220,6.878,5.291,,mtp04_20220405_054705.bmp
880,6.386,8.996,7.942,4.752,6.990,6.847,6.923,4.846,6.096,5.624,4.611,4.653,9.690,7.400,8.823,8.643,8.342,8.359,8.009,6.902,7.115,6.227,5.803,4.503,8.636,8.423,9.518,8.127,8.756,8.644,7.621,7.903,7.069,6.678,6.689,6.678,10.101,9.821,9.840,9.513,9.842,5.730,8.531,6.875,6.583,6.584,5.796,6.230,8.222,10.360,10.282,10.148,9.463,4.672,8.581,5.118,6.389,4.728,6.175,6.694,10.160,9.793,9.876,9.240,9.630,8.901,8.073,6.929,7.113,4.728,4.105,6.518,9.769,7.000,9.101,9.198,8.756,8.834,4.851,8.106,6.920,4.305,6.429,7.388,9.128,8.529,8.206,6.047,7.768,8.011,4.587,7.399,6.913,6.281,6.953,5.010,,mtp04_20220405_060705.bmp
900,6.890,9.239,8.094,4.824,7.163,7.037,7.217,4.806,6.280,5.906,4.702,4.737,10.043,7.324,9.032,8.965,8.621,8.633,8.310,6.589,7.340,6.467,5.890,4.562,8.488,8.696,9.812,8.452,9.085,8.879,7.856,8.152,7.326,6.961,6.947,6.976,10.464,10.143,10.225,9.910,10.203,5.848,8.734,7.105,6.795,6.743,6.055,6.528,8.264,10.637,10.679,10.543,9.831,4.679,8.928,5.250,6.588,4.731,6.350,6.987,10.293,10.212,10.320,9.591,10.014,9.273,8.255,7.091,7.298,4.689,4.112,6.785,10.061,7.194,9.377,9.618,9.095,9.194,4.875,8.496,7.110,4.335,6.696,7.686,9.390,8.938,8.388,6.047,8.063,8.322,4.641,7.682,7.089,6.550,7.242,4.988,,mtp04_20220405_062707.bmp
920,6.861,8.965,7.828,4.647,6.927,6.826,7.059,4.527,6.070,5.802,4.493,4.543,9.776,6.887,8.766,8.626,8.325,8.324,8.117,6.097,7.158,6.278,5.629,4.382,7.875,8.524,9.466,8.228,8.895,8.581,7.634,7.881,7.124,6.789,6.794,6.758,10.160,9.794,9.976,9.709,9.987,5.630,8.418,6.952,6.621,6.425,5.951,6.446,7.835,10.243,10.465,10.283,9.648,4.445,8.723,5.111,6.375,4.485,6.139,6.811,9.872,10.041,10.078,9.286,9.807,9.114,8.001,6.873,7.044,4.548,3.910,6.658,9.773,6.970,9.222,9.405,8.945,8.965,4.638,8.292,6.850,4.118,6.592,7.485,9.063,8.791,8.103,5.735,7.924,8.166,4.454,7.508,6.808,6.389,7.079,4.732,,mtp04_20220405_064705.bmp
940,7.128,9.156,8.032,4.714,7.112,7.034,7.289,4.587,6.230,6.037,4.579,4.616,10.150,6.897,9.013,8.860,8.560,8.585,8.391,6.116,7.356,6.507,5.696,4.499,7.796,8.915,9.636,8.464,9.198,8.746,7.860,8.061,7.309,7.024,7.048,7.003,10.415,10.133,10.377,10.169,10.246,5.732,8.674,7.225,6.798,6.491,6.207,6.718,7.892,10.513,10.879,10.678,10.041,4.440,8.984,5.206,6.582,4.512,6.326,7.072,10.184,10.357,10.403,9.476,10.081,9.477,8.277,7.057,7.266,4.641,3.926,6.897,10.123,7.225,9.512,9.786,9.259,9.288,4.674,8.511,6.998,4.164,6.833,7.662,9.375,9.170,8.295,5.760,8.223,8.492,4.528,7.826,6.947,6.586,7.256,4.828,,mtp04_20220405_070706.bmp
960,7.145,9.210,8.033,4.673,7.115,6.998,7.329,4.516,6.220,6.101,4.535,4.596,10.233,6.749,8.970,8.794,8.513,8.525,8.374,6.009,7.339,6.474,5.570,4.448,7.653,8.859,9.561,8.562,9.233,8.730,7.895,8.001,7.239,7.031,7.037,7.050,10.434,10.179,10.435,10.212,10.219,5.634,8.671,7.246,6.875,6.337,6.260,6.766,7.735,10.450,10.806,10.696,10.039,4.394,8.939,5.107,6.645,4.404,6.318,7.119,10.206,10.386,10.345,9.346,10.051,9.541,8.288,7.057,7.263,4.679,3.856,6.951,10.167,7.166,9.568,9.859,9.353,9.252,4.611,8.491,6.974,4.114,6.795,7.634,9.409,9.294,8.297,5.664,8.294,8.551,4.501,7.831,6.926,6.535,7.234,4.852,,mtp04_20220405_072705.bmp
980,7.123,9.216,8.054,4.649,7.096,7.013,7.311,4.433,6.210,6.197,4.510,4.540,10.346,6.625,9.001,8.716,8.509,8.481,8.326,5.971,7.315,6.462,5.464,4.433,7.528,8.768,9.516,8.597,9.319,8.678,7.896,7.984,6.999,7.001,7.023,7.037,10.431,10.191,10.394,10.235,10.141,5.721,8.691,7.278,6.874,6.191,6.322,6.780,7.630,10.461,10.764,10.621,10.010,4.323,8.884,5.166,6.683,4.337,6.322,7.166,10.200,10.383,10.243,9.304,9.953,9.652,8.309,7.058,7.277,4.705,3.806,6.914,10.250,7.152,9.610,9.876,9.400,9.206,4.547,8.477,6.973,4.036,6.694,7.603,9.418,9.434,8.343,5.579,8.340,8.616,4.458,7.778,6.894,6.486,7.202,4.929,,mtp04_20220405_074705.bmp
1000,7.075,9.242,8.043,4.573,7.108,6.975,7.316,4.361,6.208,6.189,4.464,4.508,10.385,6.477,8.992,8.712,8.495,8.466,8.317,5.978,7.314,6.451,5.318,4.411,7.437,8.746,9.469,8.679,9.322,8.680,7.964,7.907,6.692,7.006,7.001,7.009,10.425,10.269,10.453,10.191,10.037,5.957,8.730,7.295,6.863,6.022,6.337,6.746,7.564,10.454,10.694,10.536,9.918,4.280,8.794,5.320,6.751,4.253,6.335,7.145,10.229,10.303,10.163,9.255,9.893,9.675,8.375,7.070,7.280,4.722,3.760,6.907,10.332,7.130,9.641,9.819,9.448,9.146,4.493,8.412,6.958,3.951,6.660,7.506,9.404,9.524,8.333,5.450,8.389,8.561,4.399,7.697,6.855,6.442,7.119,4.904,,mtp04_20220405_080706.bmp
1020,7.011,9.258,8.074,4.533,7.087,7.074,7.324,4.326,6.218,6.168,4.437,4.461,10.509,6.365,9.030,8.718,8.501,8.463,8.317,5.958,7.312,6.436,5.225,4.383,7.504,8.743,9.447,8.743,9.272,8.642,7.966,7.875,6.438,6.983,6.986,6.956,10.484,10.284,10.466,10.139,9.989,6.261,8.756,7.308,6.869,5.867,6.384,6.758,7.484,10.493,10.618,10.441,9.900,4.205,8.734,5.516,6.773,4.192,6.365,7.096,10.218,10.265,10.109,9.272,9.846,9.739,8.392,7.130,7.236,4.701,3.732,6.847,10.410,7.123,9.715,9.729,9.422,9.060,4.436,8.356,6.966,3.921,6.626,7.487,9.423,9.533,8.381,5.362,8.470,8.536,4.381,7.613,6.868,6.419,7.113,4.825,,mtp04_20220405_082706.bmp
1040,6.938,9.307,8.114,4.530,7.081,7.013,7.320,4.283,6.229,6.132,4.437,4.466,10.524,6.287,9.042,8.738,8.492,8.456,8.302,5.980,7.324,6.421,5.149,4.369,7.581,8.810,9.441,8.775,9.233,8.651,8.017,7.848,6.372,6.990,6.969,6.911,10.506,10.373,10.471,10.113,9.940,6.636,8.786,7.350,6.845,5.810,6.432,6.764,7.438,10.521,10.595,10.364,9.806,4.162,8.713,5.734,6.836,4.161,6.391,7.055,10.162,10.207,10.059,9.241,9.757,9.680,8.403,7.149,7.207,4.698,3.687,6.827,10.453,6.968,9.758,9.671,9.392,8.994,4.416,8.307,7.018,3.889,6.607,7.459,9.422,9.489,8.410,5.311,8.494,8.493,4.371,7.594,6.864,6.378,7.105,4.910,,mtp04_20220405_084706.bmp
1060,6.826,9.367,8.200,4.510,6.856,7.010,7.311,4.259,6.246,6.121,4.398,4.431,10.561,6.161,9.056,8.768,8.517,8.470,8.341,5.939,7.292,6.397,5.093,4.350,7.394,8.924,9.439,8.811,9.188,8.680,8.027,7.840,6.394,6.994,6.921,6.898,10.494,10.425,10.422,10.041,9.905,7.030,8.795,7.348,6.831,5.684,6.481,6.787,7.407,10.565,10.574,10.313,9.775,4.135,8.679,6.003,6.871,4.152,6.447,7.031,10.102,10.198,10.013,9.256,9.717,9.672,8.428,7.207,7.188,4.812,3.687,6.786,10.464,6.740,9.778,9.623,9.399,8.918,4.390,8.284,7.049,3.867,6.583,7.420,9.377,9.451,8.508,5.294,8.458,8.416,4.347,7.579,6.888,6.361,7.043,5.104,,mtp04_20220405_090705.bmp
1080,6.774,9.349,8.198,4.482,6.622,7.031,7.263,4.224,6.276,6.094,4.401,4.413,10.550,6.100,9.075,8.767,8.538,8.438,8.335,5.919,7.300,6.393,5.029,4.331,7.326,8.989,9.388,8.885,9.100,8.692,8.093,7.877,6.447,7.013,6.903,6.831,10.552,10.466,10.407,9.993,9.855,7.441,8.820,7.350,6.825,5.588,6.538,6.780,7.339,10.642,10.567,10.213,9.745,4.101,8.635,6.205,6.901,4.120,6.450,6.952,9.987,10.171,9.967,9.250,9.735,9.586,8.512,7.242,7.151,4.986,3.641,6.731,10.495,6.714,9.785,9.511,9.317,8.876,4.361,8.274,7.048,3.863,6.601,7.433,9.342,9.354,8.542,5.252,8.408,8.356,4.331,7.570,6.900,6.311,7.041,5.309,,mtp04_20220405_092706.bmp
1100,6.634,9.383,8.189,4.430,6.275,7.029,7.275,4.167,6.284,6.043,4.377,4.422,10.579,6.049,9.151,8.787,8.544,8.483,8.354,6.016,7.284,6.376,4.990,4.306,7.502,9.027,9.423,8.894,8.997,8.715,8.067,7.835,6.399,7.012,6.883,6.801,10.615,10.514,10.458,9.953,9.874,7.785,8.803,7.322,6.823,5.487,6.531,6.795,7.280,10.614,10.543,10.179,9.716,4.045,8.614,6.390,6.933,4.097,6.445,6.932,9.863,10.197,9.952,9.236,9.710,9.542,8.473,7.239,7.095,5.219,3.621,6.716,10.537,6.743,9.767,9.520,9.251,8.870,4.323,8.242,7.094,3.802,6.578,7.463,9.269,9.318,8.562,5.188,8.371,8.294,4.286,7.572,6.918,6.353,7.029,5.556,,mtp04_20220405_094706.bmp
1120,6.439,9.353,8.230,4.426,6.191,7.013,7.266,4.130,6.297,6.039,4.353,4.407,10.522,6.034,9.216,8.787,8.601,8.501,8.385,6.200,7.282,6.374,4.957,4.283,7.774,9.094,9.450,8.951,8.934,8.712,8.032,7.858,6.355,7.020,6.873,6.740,10.645,10.486,10.462,9.925,9.844,8.075,8.708,7.284,6.834,5.437,6.522,6.790,7.205,10.645,10.542,10.227,9.642,4.016,8.595,6.547,6.941,4.092,6.447,6.899,9.748,10.177,9.977,9.277,9.714,9.497,8.508,7.235,7.061,5.423,3.625,6.697,10.573,6.496,9.758,9.508,9.190,8.850,4.298,8.266,7.063,3.791,6.559,7.464,9.273,9.244,8.579,5.200,8.338,8.304,4.277,7.542,6.922,6.332,7.050,5.689,,mtp04_20220405_100705.bmp
1140,6.206,8.923,7.903,4.247,5.921,6.807,7.051,3.972,6.117,5.888,4.192,4.246,10.087,5.776,8.947,8.556,8.345,8.293,8.141,6.222,7.087,6.196,4.763,4.134,7.863,8.895,9.150,8.665,8.450,8.479,7.757,7.604,6.176,6.848,6.668,6.548,10.358,10.190,10.125,9.610,9.543,8.053,8.403,6.965,6.639,5.242,6.308,6.627,6.911,10.297,10.223,9.910,9.380,3.829,8.349,6.437,6.748,3.954,6.274,6.684,9.360,9.920,9.714,8.957,9.423,9.194,8.106,7.039,6.784,5.411,3.503,6.488,10.231,6.240,9.406,9.243,8.873,8.610,4.142,8.039,6.878,3.659,6.398,7.227,9.010,8.947,8.348,4.994,8.015,8.030,4.113,7.308,6.762,6.166,6.831,5.660,,mtp04_20220405_102706.bmp
1160,6.364,8.979,7.940,4.333,5.940,7.005,7.263,4.065,6.270,6.025,4.326,4.391,10.171,5.940,9.262,8.828,8.602,8.555,8.423,6.657,7.351,6.369,4.884,4.232,8.463,9.258,9.404,8.988,8.432,8.659,8.004,7.803,6.404,7.094,6.846,6.706,10.650,10.499,10.405,9.880,9.841,8.425,8.633,7.180,6.834,5.346,6.462,6.850,6.997,10.565,10.535,10.245,9.620,3.901,8.656,6.719,6.969,4.012,6.371,6.842,9.582,10.242,9.991,9.230,9.705,9.473,8.284,7.233,6.883,5.676,3.558,6.694,10.477,6.274,9.642,9.506,9.107,8.885,4.231,8.276,7.090,3.740,6.549,7.447,9.255,9.216,8.598,5.124,8.222,8.268,4.217,7.483,6.930,6.323,7.049,5.917,,mtp04_20220405_104705.bmp
1180,6.155,8.821,7.867,4.278,6.009,7.041,7.282,4.044,6.287,6.061,4.301,4.382,10.075,5.911,9.281,8.858,8.627,8.586,8.420,6.882,7.362,6.369,4.868,4.199,8.770,9.345,9.415,8.973,8.267,8.628,7.913,7.724,6.502,7.092,6.838,6.689,10.627,10.550,10.388,9.929,9.855,8.533,8.572,7.104,6.840,5.310,6.461,6.874,6.903,10.517,10.540,10.239,9.659,3.868,8.663,6.762,7.008,4.025,6.344,6.833,9.519,10.347,9.891,9.226,9.725,9.464,8.198,7.297,6.802,5.798,3.543,6.727,10.425,5.079,9.586,9.497,9.089,8.907,4.249,8.306,7.046,3.704,6.491,7.422,9.298,9.273,8.622,5.139,8.198,8.275,4.192,7.516,6.931,6.349,7.014,6.004,,mtp04_20220405_110707.bmp
1200,6.078,8.542,7.673,4.222,5.947,7.017,7.266,4.011,6.278,6.009,4.248,4.346,9.795,5.892,9.286,8.895,8.632,8.533,8.425,7.020,7.351,6.373,4.825,4.170,9.015,9.437,9.342,8.985,8.026,8.572,7.878,7.581,6.603,7.098,6.811,6.651,10.601,10.540,10.380,9.941,9.863,8.599,8.543,7.055,6.869,5.279,6.403,6.910,6.771,10.435,10.541,10.233,9.690,3.828,8.678,6.814,6.997,3.985,6.255,6.870,9.512,10.238,9.729,9.190,9.749,9.469,8.147,7.167,6.722,5.839,3.527,6.763,10.345,6.811,9.459,9.531,9.054,8.947,4.229,8.347,7.050,3.691,6.477,7.392,9.302,9.243,8.627,5.112,8.195,8.309,4.165,7.463,6.935,6.352,6.969,6.040,,mtp04_20220405_112705.bmp
1220,5.770,8.410,7.478,4.174,5.941,7.049,7.316,3.960,6.208,6.035,4.228,4.330,9.722,5.862,9.299,8.847,8.601,8.554,8.438,7.116,7.363,6.386,4.769,4.131,9.250,9.462,9.324,8.905,8.007,8.490,7.814,7.509,6.727,7.114,6.870,6.638,10.570,10.502,10.310,9.914,9.863,8.693,8.458,6.975,6.884,5.252,6.368,6.936,6.664,10.427,10.479,10.263,9.650,3.804,8.695,6.871,6.976,3.948,6.201,6.834,9.448,10.272,9.543,9.149,9.717,9.453,8.052,7.134,6.580,5.875,3.502,6.747,10.212,7.326,9.356,9.499,9.019,8.925,4.185,8.368,7.034,3.670,6.446,7.335,9.241,9.278,8.613,5.092,8.178,8.305,4.164,7.487,6.893,6.313,6.903,6.106,,mtp04_20220405_114706.bmp
1240,5.465,8.252,7.301,4.131,5.989,7.031,7.286,3.955,6.116,6.043,4.193,4.333,9.381,5.835,9.297,8.881,8.585,8.530,8.423,7.228,7.374,6.405,4.764,4.102,9.426,9.507,9.288,8.794,7.773,8.488,7.680,7.421,6.809,7.107,6.877,6.648,10.609,10.503,10.322,9.934,9.876,8.785,8.441,6.933,6.958,5.212,6.350,6.955,6.509,10.304,10.435,10.254,9.678,3.770,8.674,6.904,6.993,3.903,6.114,6.843,9.432,10.320,9.330,9.118,9.741,9.420,7.968,7.071,6.516,5.921,3.469,6.758,10.187,7.118,9.304,9.487,9.019,8.927,4.189,8.333,6.999,3.641,6.446,7.182,9.223,9.277,8.549,5.014,8.157,8.284,4.136,7.437,6.832,6.307,6.744,6.080,,mtp04_20220405_120707.bmp
1260,5.127,8.384,7.279,4.082,5.990,6.996,7.280,3.907,5.962,6.005,4.141,4.298,9.213,5.802,9.286,8.870,8.510,8.443,8.376,7.253,7.338,6.395,4.720,4.065,9.546,9.521,9.247,8.731,7.583,8.410,7.634,7.353,6.873,7.123,6.855,6.629,10.600,10.439,10.220,9.935,9.852,8.834,8.376,6.872,6.999,5.159,6.275,6.958,6.405,10.235,10.331,10.186,9.621,3.708,8.717,6.935,6.960,3.893,6.003,6.849,9.416,10.329,9.274,9.086,9.722,9.459,7.863,6.963,6.419,5.954,3.430,6.792,10.059,9.275,9.209,9.457,9.033,8.944,4.124,8.312,6.967,3.603,6.435,7.114,9.216,9.323,8.485,4.950,8.169,8.344,4.090,7.407,6.846,6.301,6.741,6.120,,mtp04_20220405_122706.bmp
1280,4.814,8.076,7.242,4.029,5.968,6.976,7.305,3.872,5.840,5.846,4.095,4.263,9.160,5.762,9.272,8.894,8.408,8.358,8.201,7.310,7.261,6.348,4.692,4.035,9.653,9.507,9.191,8.495,7.481,8.354,7.491,7.394,6.921,7.108,6.857,6.677,10.554,10.378,10.207,9.980,9.876,8.886,8.319,6.774,7.018,5.165,6.291,6.984,6.278,10.191,10.218,10.163,9.555,3.689,8.706,6.962,6.927,3.860,5.936,6.856,9.380,10.340,9.163,9.048,9.713,9.440,7.810,6.830,6.316,5.993,3.414,6.781,9.950,8.997,9.065,9.422,8.982,8.949,4.113,8.277,6.946,3.581,6.401,7.019,9.164,9.323,8.400,5.011,8.183,8.313,4.092,7.379,6.814,6.265,6.581,6.098,,mtp04_20220405_124706.bmp
1300,4.533,8.213,7.087,3.992,6.031,6.974,7.319,3.858,5.733,5.695,4.060,4.232,9.047,5.731,9.188,8.897,8.269,8.264,7.980,7.392,7.160,6.350,4.649,4.018,9.758,9.571,9.109,8.227,7.460,8.307,7.324,7.319,6.966,7.068,6.857,6.705,10.524,10.317,10.149,9.954,9.882,8.921,8.242,6.711,7.016,5.120,6.280,6.961,6.125,10.067,10.168,10.152,9.495,3.650,8.680,6.955,6.938,3.821,5.854,6.842,9.298,10.340,9.160,8.949,9.647,9.404,7.711,6.697,6.194,5.991,3.386,6.825,9.880,9.668,8.956,9.419,9.007,8.939,4.087,8.248,6.888,3.558,6.375,6.977,9.118,9.327,8.318,5.193,8.161,8.342,4.071,7.300,6.738,6.217,6.482,6.097,,mtp04_20220405_130706.bmp
1320,4.333,8.072,6.911,3.987,5.959,6.875,7.319,3.829,5.666,5.538,4.014,4.190,9.192,5.713,9.069,8.920,8.207,8.033,7.837,7.398,6.988,6.352,4.649,4.010,9.878,9.568,9.066,7.999,7.456,8.195,7.283,7.204,6.947,7.058,6.869,6.682,10.509,10.241,10.143,9.987,9.890,8.938,8.109,6.596,7.091,5.100,6.271,6.975,5.990,9.952,10.049,10.000,9.407,3.605,8.690,6.983,6.921,3.778,5.766,6.851,9.313,10.290,9.041,8.878,9.628,9.414,7.547,6.591,6.123,6.033,3.381,6.794,9.700,9.169,8.859,9.344,9.014,8.930,4.044,8.187,6.821,3.536,6.359,6.849,9.095,9.362,8.265,5.494,8.139,8.330,4.046,7.311,6.672,6.147,6.455,6.054,,mtp04_20220405_132706.bmp
1340,4.078,7.903,6.957,3.949,5.999,6.790,7.326,3.793,5.592,5.458,4.000,4.130,9.146,5.649,8.927,8.893,8.040,7.900,7.713,7.402,6.872,6.278,4.604,3.997,9.924,9.579,9.006,7.660,7.478,8.148,7.163,7.150,6.967,6.941,6.871,6.692,10.452,10.172,10.075,9.979,9.825,8.952,8.048,6.466,7.061,5.072,6.243,7.004,5.850,9.871,9.940,9.834,9.370,3.572,8.654,6.990,6.890,3.761,5.696,6.851,9.293,10.265,9.017,8.889,9.611,9.401,7.493,6.429,6.008,5.966,3.385,6.792,9.500,8.747,8.735,9.304,9.014,8.904,4.002,8.113,6.744,3.516,6.272,6.804,9.080,9.311,8.126,5.817,8.155,8.296,4.029,7.198,6.630,6.099,6.440,5.948,,mtp04_20220405_134705.bmp
1360,3.955,8.055,6.948,3.911,6.109,6.692,7.292,3.783,5.519,5.371,3.932,4.098,9.055,5.619,8.722,8.873,7.919,7.852,7.332,7.397,6.684,6.207,4.564,3.972,9.938,9.575,8.955,7.661,7.503,8.082,7.137,7.146,6.972,6.842,6.866,6.692,10.422,10.115,10.007,9.924,9.823,8.946,8.015,6.396,7.084,5.071,6.235,6.948,5.702,9.778,9.948,9.766,9.287,3.541,8.634,6.962,6.819,3.737,5.665,6.823,9.281,10.257,9.038,8.844,9.542,9.371,7.419,6.354,5.940,5.948,3.368,6.795,9.363,8.172,8.668,9.204,8.997,8.902,3.991,8.094,6.659,3.509,6.261,6.740,9.035,9.278,8.013,6.087,8.201,8.279,4.010,7.172,6.557,6.020,6.346,5.913,,mtp04_20220405_140706.bmp
1380,3.784,7.847,6.937,3.858,6.122,6.611,7.248,3.742,5.502,5.272,3.899,4.055,9.246,5.617,8.438,8.869,7.846,7.604,7.342,7.393,6.535,6.096,4.546,3.965,9.951,9.496,8.898,7.352,7.438,8.000,7.045,7.095,6.981,6.711,6.827,6.677,10.347,10.020,9.956,9.890,9.785,8.936,7.935,6.302,7.099,5.006,6.223,6.948,5.570,9.674,9.783,9.771,9.282,3.480,8.581,6.924,6.767,3.703,5.593,6.836,9.254,10.243,9.036,8.804,9.463,9.353,7.222,6.247,5.943,5.838,3.333,6.816,9.367,9.393,8.592,9.188,8.993,8.845,3.936,8.025,6.633,3.470,6.191,6.771,9.054,9.256,8.010,6.367,8.211,8.274,3.970,7.176,6.486,5.988,6.290,5.823,,mtp04_20220405_142706.bmp
1400,3.676,7.926,6.922,3.868,6.070,6.593,7.242,3.728,5.459,5.258,3.877,4.026,9.135,5.605,8.227,8.829,7.641,7.561,6.973,7.358,6.489,6.033,4.547,3.975,10.031,9.265,8.887,7.513,7.402,7.914,6.946,7.034,7.011,6.579,6.860,6.692,10.353,9.954,9.916,9.900,9.740,8.919,7.791,6.243,7.095,5.004,6.214,6.909,5.457,9.551,9.755,9.660,9.201,3.478,8.556,6.944,6.756,3.710,5.549,6.791,9.182,10.184,8.912,8.821,9.332,9.300,7.113,6.180,5.870,5.781,3.333,6.805,9.152,8.579,8.503,9.069,9.016,8.791,3.915,7.961,6.498,3.486,6.157,6.696,9.018,9.230,7.903,6.520,8.198,8.250,3.975,7.152,6.348,5.850,6.253,5.644,,mtp04_20220405_144706.bmp
1420,3.547,7.805,6.848,3.836,6.136,6.538,7.197,3.720,5.487,5.209,3.858,3.994,9.324,5.601,8.196,8.768,7.579,7.455,6.914,7.289,6.376,5.875,4.544,3.958,10.018,9.131,8.929,7.464,7.450,7.789,6.849,6.996,6.996,6.549,6.832,6.627,10.429,9.920,9.854,9.917,9.718,8.865,7.805,6.178,7.085,4.977,6.240,6.874,5.325,9.459,9.640,9.396,9.194,3.437,8.549,6.945,6.679,3.696,5.522,6.793,9.180,10.149,8.871,8.810,9.226,9.295,6.971,6.076,5.854,5.645,3.321,6.799,9.152,8.910,8.460,9.003,8.988,8.764,3.883,7.903,6.440,3.499,6.068,6.630,9.034,9.165,7.856,6.700,8.211,8.246,3.991,7.117,6.335,5.768,6.241,5.598,,mtp04_20220405_150707.bmp
1440,3.419,7.796,6.829,3.803,6.216,6.433,7.188,3.669,5.437,5.122,3.804,3.945,9.253,5.556,7.897,8.637,7.614,7.353,6.608,7.257,6.392,5.780,4.496,3.946,9.970,8.920,8.905,7.420,7.477,7.776,6.872,6.941,7.012,6.472,6.824,6.651,10.414,9.896,9.786,9.825,9.636,8.765,7.785,6.133,7.077,4.936,6.199,6.802,5.183,9.260,9.593,9.319,9.087,3.411,8.546,6.936,6.636,3.665,5.559,6.802,9.153,10.085,8.938,8.785,9.120,9.243,6.899,6.020,5.819,5.549,3.313,6.800,8.989,6.030,8.406,8.867,8.992,8.758,3.858,7.822,6.297,3.457,5.992,6.637,9.053,9.089,7.796,6.778,8.180,8.160,3.934,7.112,6.266,5.704,6.201,5.384,,mtp04_20220405_152706.bmp
1460.25,3.309,7.816,6.812,3.778,6.172,6.345,7.152,3.642,5.348,5.172,3.785,3.932,9.466,5.528,7.634,8.513,7.503,7.255,6.856,7.121,6.400,5.779,4.501,3.949,9.948,8.651,9.002,7.534,7.485,7.693,6.816,6.913,7.028,6.279,6.775,6.602,10.445,9.859,9.700,9.758,9.619,8.782,7.733,6.149,7.072,4.879,6.204,6.745,5.062,9.157,9.490,9.359,9.025,3.356,8.427,6.955,6.599,3.637,5.546,6.773,9.102,9.942,8.956,8.773,8.990,9.167,6.821,5.987,5.764,5.351,3.313,6.764,8.935,5.415,8.381,8.822,8.966,8.681,3.836,7.774,6.244,3.455,5.917,6.561,9.059,9.030,7.667,6.871,8.160,8.117,3.916,7.114,6.147,5.644,6.198,5.247,,mtp04_20220405_154708.bmp
1480,3.223,7.694,6.866,3.765,6.227,6.353,7.125,3.665,5.362,5.098,3.749,3.882,9.419,5.483,7.760,8.355,7.451,7.197,6.583,6.992,6.310,5.750,4.489,3.948,9.890,8.570,9.078,7.561,7.461,7.658,6.744,6.878,6.997,6.057,6.715,6.638,10.547,9.719,9.620,9.698,9.556,8.778,7.737,6.143,7.041,4.892,6.197,6.685,4.935,9.250,9.410,9.134,8.936,3.349,8.425,6.959,6.520,3.653,5.458,6.746,9.092,9.842,8.919,8.714,8.885,9.119,6.746,5.901,5.661,5.329,3.299,6.744,8.859,7.016,8.273,8.676,8.984,8.611,3.843,7.753,6.169,3.455,5.843,6.489,9.034,8.943,7.654,6.928,8.146,8.033,3.950,7.134,6.125,5.589,6.106,5.132,,mtp04_20220405_160707.bmp
1500,3.072,7.676,6.809,3.739,6.247,6.271,7.094,3.640,5.307,5.033,3.736,3.867,9.367,5.410,7.613,8.037,7.336,7.154,6.373,6.828,6.289,5.653,4.504,3.945,9.863,8.148,9.199,7.479,7.390,7.523,6.805,6.773,6.973,5.842,6.643,6.594,10.626,9.544,9.529,9.639,9.425,8.767,7.682,6.042,7.021,4.844,6.188,6.618,4.833,9.068,9.246,8.848,8.847,3.310,8.366,7.006,6.402,3.648,5.347,6.699,9.048,9.766,8.931,8.688,8.699,9.062,6.691,5.792,5.572,5.065,3.314,6.739,8.751,7.798,8.265,8.517,8.950,8.502,3.831,7.640,6.087,3.466,5.775,6.468,9.096,8.762,7.595,7.032,8.124,7.974,3.923,7.170,6.039,5.515,6.132,4.967,,mtp04_20220405_162706.bmp
1520,2.891,7.424,6.611,3.602,6.002,6.133,6.776,3.540,5.061,4.905,3.594,3.728,9.192,5.121,6.791,7.593,7.156,6.879,6.250,6.544,6.079,5.435,4.345,3.834,9.526,7.772,9.000,7.398,7.198,7.266,6.596,6.559,6.741,5.630,6.366,6.386,10.317,9.253,9.156,9.274,9.038,8.365,7.559,5.900,6.783,4.681,5.992,6.369,4.570,8.686,8.934,8.509,8.604,3.180,8.050,6.752,6.150,3.529,5.172,6.453,8.861,9.400,8.654,8.338,8.424,8.675,6.420,5.522,5.386,4.805,3.215,6.511,8.442,7.286,7.951,8.124,8.629,8.184,3.704,7.358,5.855,3.346,5.548,6.244,8.817,8.465,7.279,6.861,7.827,7.621,3.769,6.978,5.827,5.304,5.877,4.848,,mtp04_20220405_164706.bmp
1540.25,2.905,7.596,6.794,3.680,6.225,6.181,6.914,3.614,5.141,5.043,3.654,3.808,9.425,5.159,7.217,7.736,7.372,7.086,6.547,6.544,6.224,5.595,4.492,3.942,9.774,8.003,9.266,7.728,7.405,7.428,6.811,6.736,6.910,5.770,6.411,6.573,10.684,9.480,9.336,9.466,9.278,8.528,7.838,6.079,6.950,4.780,6.157,6.543,4.572,9.023,9.103,8.710,8.787,3.262,8.176,6.905,6.251,3.636,5.303,6.612,9.133,9.476,8.886,8.593,8.618,8.914,6.541,5.576,5.502,4.899,3.298,6.654,8.613,7.723,8.174,8.284,8.879,8.341,3.808,7.520,5.959,3.434,5.660,6.403,9.180,8.576,7.550,7.125,8.024,7.795,3.882,7.183,5.948,5.391,6.049,4.886,,mtp04_20220405_170715.bmp
1560,2.838,7.634,6.767,3.647,6.217,6.190,6.881,3.598,5.195,5.051,3.647,3.805,9.371,5.151,7.324,7.521,7.352,7.134,6.708,6.420,6.167,5.569,4.487,3.922,9.826,7.997,9.331,7.788,7.370,7.494,6.784,6.675,6.927,5.714,6.360,6.562,10.648,9.378,9.235,9.378,9.175,8.516,7.808,6.118,6.880,4.753,6.165,6.543,4.486,9.040,9.066,8.699,8.715,3.227,8.137,6.813,6.188,3.622,5.271,6.550,9.133,9.372,8.810,8.522,8.542,8.822,6.512,5.550,5.461,4.879,3.297,6.609,8.496,8.138,8.120,8.161,8.865,8.249,3.785,7.496,5.810,3.423,5.605,6.390,9.122,8.516,7.540,7.163,7.959,7.722,3.864,7.192,5.948,5.335,5.976,5.191,,mtp04_20220405_172707.bmp
1580.25,2.666,7.421,6.597,3.527,5.992,5.910,6.522,3.483,5.027,4.803,3.510,3.665,9.144,5.048,7.020,7.333,7.100,6.902,6.501,6.094,6.005,5.411,4.350,3.818,9.552,7.859,9.023,7.656,7.111,7.229,6.588,6.443,6.634,5.419,6.069,6.340,10.315,9.098,8.742,8.959,8.794,8.143,7.585,5.937,6.586,4.583,5.946,6.299,4.251,8.779,8.687,8.356,8.433,3.106,7.785,6.510,5.919,3.497,5.030,6.281,8.884,8.967,8.601,8.251,8.285,8.448,6.245,5.342,5.272,4.659,3.162,6.393,8.155,6.903,7.858,7.860,8.555,7.916,3.649,7.216,5.554,3.314,5.386,6.167,8.894,8.170,7.273,6.956,7.655,7.401,3.744,6.979,5.681,5.174,5.796,4.858,,mtp04_20220405_174708.bmp
1600,2.683,7.648,6.754,3.616,6.204,6.082,6.740,3.588,5.206,4.959,3.587,3.740,9.399,5.394,7.377,7.296,7.227,7.056,6.562,6.072,6.185,5.503,4.470,3.931,9.855,8.062,9.282,8.011,7.309,7.407,6.843,6.605,6.848,5.619,6.111,6.508,10.594,9.313,8.866,9.067,8.916,8.324,7.814,6.106,6.735,4.706,6.129,6.466,4.282,9.047,8.906,8.380,8.662,3.189,7.910,6.645,6.014,3.613,5.097,6.424,9.060,9.141,8.766,8.459,8.472,8.665,6.355,5.429,5.361,4.879,3.283,6.525,8.367,8.291,8.088,7.979,8.750,8.058,3.765,7.303,5.709,3.436,5.518,6.348,9.174,8.276,7.488,7.212,7.787,7.563,3.858,7.198,5.846,5.307,5.990,5.127,,mtp04_20220405_180707.bmp
1620,2.627,7.552,6.640,3.603,6.238,6.088,6.669,3.599,5.196,4.899,3.539,3.711,9.401,5.591,7.372,7.347,7.290,7.120,6.558,6.238,6.236,5.543,4.450,3.902,9.760,8.143,9.279,8.015,7.221,7.422,6.778,6.621,6.837,5.608,6.084,6.490,10.555,9.317,8.644,9.040,8.805,8.246,7.749,6.080,6.663,4.699,6.117,6.492,4.203,9.053,8.825,8.588,8.612,3.165,7.862,6.475,5.971,3.595,5.088,6.335,8.984,9.023,8.739,8.409,8.418,8.578,6.298,5.430,5.340,4.912,3.268,6.465,8.270,8.482,8.019,7.942,8.739,7.985,3.774,7.320,5.652,3.423,5.482,6.363,9.112,8.271,7.537,7.231,7.756,7.539,3.835,7.185,5.823,5.286,5.953,5.110,,mtp04_20220405_182707.bmp
1640.25,2.562,7.547,6.680,3.573,6.190,6.043,6.670,3.579,5.186,4.907,3.512,3.721,9.319,5.869,7.441,7.240,7.197,7.067,6.576,6.114,6.210,5.529,4.466,3.933,9.706,8.086,9.233,8.033,7.165,7.485,6.806,6.629,6.811,5.711,5.966,6.428,10.536,9.307,8.515,8.884,8.672,8.113,7.706,6.084,6.578,4.679,6.070,6.421,4.140,9.018,8.855,8.439,8.517,3.140,7.824,6.031,5.967,3.605,5.045,6.285,8.923,8.888,8.696,8.428,8.401,8.458,6.289,5.357,5.261,4.969,3.281,6.373,8.226,8.419,7.947,7.860,8.680,7.896,3.779,7.267,5.617,3.425,5.447,6.376,9.134,8.205,7.558,7.213,7.680,7.512,3.816,7.132,5.848,5.262,5.935,5.155,,mtp04_20220405_184708.bmp
1660,2.445,7.311,6.432,3.438,6.018,5.889,6.378,3.481,5.027,4.716,3.365,3.591,9.171,6.002,7.250,7.003,7.015,6.745,6.289,5.910,6.003,5.358,4.322,3.807,9.141,8.023,8.937,7.773,6.982,7.265,6.575,6.423,6.575,5.562,5.673,6.143,10.206,9.001,8.249,8.501,8.310,7.822,7.498,5.933,6.303,4.510,5.870,6.206,3.938,8.717,8.514,8.215,8.247,3.040,7.467,6.002,5.728,3.484,4.864,6.010,8.547,8.570,8.511,8.141,8.182,8.148,5.993,5.146,5.087,4.645,3.167,6.136,7.847,8.320,7.588,7.595,8.360,7.607,3.655,7.007,5.423,3.323,5.268,6.117,8.830,7.912,7.331,6.994,7.365,7.197,3.700,6.928,5.669,5.078,5.731,4.875,,mtp04_20220405_190707.bmp
1680,2.410,7.014,6.435,3.405,6.063,5.872,6.281,3.464,5.074,4.695,3.384,3.546,9.282,6.338,7.228,7.064,7.062,6.890,6.270,6.026,6.046,5.327,4.318,3.789,8.832,8.001,8.884,7.817,6.911,7.225,6.534,6.468,6.540,5.588,5.669,6.078,10.153,9.076,8.206,8.422,8.251,7.652,7.462,5.954,6.250,4.495,5.838,6.174,3.872,8.781,8.479,8.165,8.263,3.001,7.428,5.936,5.738,3.476,4.865,5.974,8.418,8.462,8.439,8.086,8.136,8.065,5.975,5.133,5.037,4.784,3.178,6.083,7.708,8.310,7.582,7.634,8.290,7.555,3.639,7.035,5.373,3.295,5.212,6.157,8.831,7.877,7.333,6.935,7.323,7.159,3.669,6.876,5.669,5.099,5.717,4.788,,mtp04_20220405_192707.bmp
1700,2.418,7.256,6.545,3.495,6.255,6.036,6.573,3.571,5.222,4.828,3.448,3.638,9.688,6.850,7.510,7.261,7.288,7.055,6.340,6.094,6.222,5.583,4.446,3.892,9.018,8.349,9.098,7.912,7.093,7.438,6.728,6.681,6.599,5.777,5.770,6.162,10.429,9.340,8.413,8.597,8.427,7.810,7.671,6.116,6.309,4.611,5.967,6.233,3.936,8.970,8.768,8.517,8.458,3.065,7.651,6.556,5.860,3.577,4.988,6.084,8.721,8.608,8.709,8.322,8.388,8.262,6.124,5.249,5.163,5.049,3.262,6.197,7.944,8.712,7.707,7.851,8.460,7.737,3.734,7.238,5.516,3.407,5.340,6.249,9.029,8.040,7.513,7.139,7.469,7.323,3.745,7.027,5.875,5.247,5.856,5.027,,mtp04_20220405_194707.bmp
1720.25,2.376,7.501,6.613,3.472,6.228,6.030,6.508,3.552,5.175,4.815,3.378,3.619,9.746,7.208,7.478,7.333,7.254,6.999,6.582,6.152,6.213,5.564,4.437,3.907,8.603,8.495,9.075,7.894,6.957,7.435,6.708,6.619,6.531,5.736,5.825,5.974,10.401,9.333,8.327,8.480,8.274,7.791,7.651,6.037,6.205,4.604,5.938,6.217,3.878,8.963,8.687,8.444,8.435,3.060,7.520,6.655,5.842,3.559,4.940,6.017,8.920,8.472,8.695,8.248,8.373,8.148,6.068,5.190,5.067,5.172,3.255,6.124,7.751,8.837,7.599,7.750,8.406,7.682,3.741,7.183,5.477,3.406,5.314,6.205,9.005,7.997,7.493,7.136,7.360,7.300,3.757,7.003,5.909,5.233,5.812,5.264,,mtp04_20220405_200708.bmp
1740.25,2.351,7.383,6.537,3.444,6.230,6.075,6.444,3.530,5.175,4.823,3.360,3.604,9.834,7.460,7.438,7.354,7.275,6.963,6.328,6.159,6.242,5.624,4.438,3.920,8.825,8.653,9.054,7.852,6.972,7.382,6.705,6.643,6.340,5.662,5.805,5.871,10.364,9.354,8.303,8.490,8.206,7.745,7.628,6.024,6.094,4.593,5.925,6.181,3.845,8.935,8.698,8.356,8.412,3.041,7.513,6.677,5.844,3.562,4.910,5.964,9.034,8.407,8.654,8.260,8.309,8.044,6.039,5.157,5.015,4.800,3.256,6.074,7.720,8.906,7.398,7.774,8.308,7.618,3.749,7.177,5.456,3.396,5.272,6.194,8.966,8.006,7.515,7.192,7.341,7.300,3.748,6.968,5.884,5.217,5.774,5.087,,mtp04_20220405_202708.bmp
1760,2.300,7.081,6.530,3.416,6.244,6.110,6.258,3.535,5.196,4.794,3.300,3.593,9.837,7.671,7.393,7.385,7.242,7.020,6.339,6.106,6.224,5.573,4.428,3.901,8.472,8.450,8.979,7.818,6.894,7.368,6.706,6.598,6.212,5.762,5.825,5.771,10.318,9.334,8.271,8.502,8.217,7.403,7.601,5.987,6.002,4.580,5.871,6.110,3.794,8.865,8.676,8.253,8.439,2.996,7.520,6.629,5.825,3.561,4.891,5.935,8.977,8.322,8.628,8.235,8.323,8.000,6.011,5.133,5.039,5.134,3.254,6.037,7.691,8.912,7.193,7.810,8.249,7.606,3.752,7.181,5.408,3.381,5.270,6.127,8.930,7.982,7.502,7.209,7.257,7.278,3.713,6.923,5.839,5.223,5.748,4.975,,mtp04_20220405_204707.bmp
1780.25,2.269,7.001,6.581,3.364,6.262,6.081,6.323,3.523,5.103,4.778,3.268,3.567,9.787,7.797,7.327,7.413,7.240,7.080,6.457,5.907,6.126,5.590,4.429,3.893,8.203,8.535,8.981,7.846,6.864,7.386,6.689,6.560,6.142,5.773,5.854,5.602,10.297,9.391,8.318,8.473,8.175,7.788,7.650,6.053,5.980,4.589,5.837,6.100,3.766,9.013,8.680,8.397,8.450,3.017,7.500,6.585,5.803,3.569,4.870,5.900,8.922,8.258,8.668,8.215,8.322,7.914,5.945,5.082,4.997,5.793,3.245,5.954,7.603,8.929,7.075,7.754,8.160,7.579,3.734,7.152,5.400,3.383,5.266,6.109,8.920,7.923,7.501,7.285,7.186,7.225,3.689,6.884,5.851,5.253,5.704,5.017,,mtp04_20220405_210708.bmp
1800.25,2.250,7.048,6.599,3.331,6.263,6.064,6.283,3.519,5.143,4.785,3.216,3.544,9.768,7.982,7.370,7.587,7.256,7.035,6.317,6.281,6.190,5.571,4.434,3.887,7.870,8.443,8.902,7.780,6.818,7.383,6.717,6.559,6.063,5.834,5.849,5.641,10.291,9.378,8.324,8.496,8.133,7.706,7.652,6.023,5.855,4.572,5.819,6.123,3.713,8.956,8.642,8.397,8.375,2.983,7.474,6.564,5.756,3.557,4.805,5.823,8.840,8.199,8.641,8.195,8.257,7.839,5.956,5.066,4.959,5.814,3.243,5.908,7.541,8.903,6.943,7.769,8.110,7.570,3.737,7.165,5.364,3.368,5.246,6.082,8.906,7.929,7.477,7.241,7.169,7.215,3.671,6.878,5.768,5.246,5.670,5.032,,mtp04_20220405_212708.bmp
1820.25,2.216,7.054,6.537,3.318,6.283,6.037,6.255,3.535,5.174,4.705,3.177,3.532,9.742,8.115,7.406,7.514,7.219,7.090,6.321,7.096,6.215,5.590,4.411,3.879,8.132,8.515,8.963,7.821,6.769,7.360,6.698,6.553,5.990,5.808,5.861,5.580,10.241,9.434,8.261,8.535,8.088,8.019,7.614,5.993,5.799,4.560,5.769,6.105,3.680,8.930,8.634,8.298,8.361,2.980,7.414,6.518,5.759,3.583,4.806,5.843,8.837,8.145,8.692,8.188,8.307,7.745,5.887,4.992,4.909,5.786,3.248,5.879,7.447,8.836,6.722,7.693,8.062,7.529,3.738,7.121,5.312,3.379,5.218,6.123,8.885,7.923,7.468,7.161,7.105,7.207,3.647,6.868,5.736,5.212,5.660,4.912,,mtp04_20220405_214709.bmp
1840.25,2.189,6.951,6.568,3.292,6.335,6.080,6.125,3.550,5.163,4.689,3.141,3.500,9.651,8.226,7.313,7.480,7.172,7.126,6.115,7.123,6.230,5.662,4.428,3.897,6.805,8.318,8.884,7.837,6.664,7.357,6.670,6.572,5.991,5.843,5.870,5.621,10.198,9.441,8.294,8.493,7.985,8.062,7.580,6.009,5.654,4.560,5.738,6.153,3.649,8.908,8.607,8.243,8.310,2.974,7.429,6.475,5.713,3.560,4.785,5.801,8.794,8.136,8.637,8.127,8.250,7.669,5.849,4.982,4.880,5.780,3.265,5.870,7.367,8.800,6.663,7.667,7.982,7.561,3.730,7.120,5.316,3.403,5.228,6.098,8.838,7.950,7.457,7.105,7.047,7.102,3.629,6.818,5.753,5.205,5.688,4.800,,mtp04_20220405_220708.bmp
1860,2.157,6.741,6.479,3.265,6.364,6.026,6.109,3.533,5.080,4.630,3.092,3.460,9.647,8.322,7.315,7.478,7.230,7.179,6.165,7.122,6.223,5.588,4.400,3.900,6.670,8.395,8.909,7.873,6.645,7.366,6.698,6.561,6.089,5.868,5.858,5.582,10.195,9.480,8.235,8.528,8.010,8.199,7.664,5.979,5.626,4.543,5.727,6.120,3.635,8.933,8.569,8.294,8.271,2.960,7.470,6.416,5.696,3.536,4.763,5.785,8.724,8.061,8.632,8.085,8.215,7.605,5.786,4.963,4.824,5.752,3.236,5.835,7.349,8.802,6.711,7.664,7.931,7.585,3.713,7.061,5.285,3.384,5.223,6.071,8.795,7.876,7.467,7.050,7.004,7.089,3.611,6.810,5.718,5.166,5.711,5.092,,mtp04_20220405_222707.bmp
1880.25,2.132,6.911,6.631,3.225,6.400,6.072,6.135,3.516,5.081,4.712,3.032,3.450,9.661,8.424,7.374,7.436,7.217,7.166,6.374,7.076,6.203,5.607,4.388,3.880,7.662,8.275,8.830,7.904,6.624,7.357,6.701,6.544,6.292,6.013,5.856,5.699,10.140,9.469,8.332,8.476,8.034,8.255,7.707,6.037,5.597,4.515,5.714,6.252,3.591,9.001,8.558,8.200,8.226,2.924,7.454,6.409,5.673,3.542,4.747,5.782,8.659,8.017,8.675,8.001,8.178,7.555,5.811,4.971,4.814,5.716,3.226,5.814,7.327,8.758,6.633,7.671,7.921,7.557,3.727,7.090,5.246,3.371,5.202,6.109,8.810,7.918,7.462,6.930,6.975,7.040,3.561,6.787,5.692,5.196,5.688,5.321,,mtp04_20220405_224709.bmp
1900.25,2.058,6.604,6.513,3.108,6.204,5.878,5.939,3.438,4.953,4.491,2.905,3.329,9.316,8.198,7.072,7.180,6.975,7.024,6.107,6.838,6.011,5.433,4.274,3.786,8.571,8.064,8.545,7.678,6.339,7.139,6.515,6.329,6.284,5.783,5.619,5.524,9.876,9.161,7.972,8.253,7.764,8.033,7.508,5.826,5.354,4.405,5.515,6.085,3.480,8.811,8.299,7.954,7.998,2.833,7.185,6.177,5.475,3.448,4.568,5.579,8.391,7.738,8.459,7.764,7.956,7.288,5.598,4.787,4.647,5.512,3.137,5.602,7.059,8.463,6.370,7.427,7.640,7.340,3.642,6.834,5.094,3.279,5.047,5.954,8.501,7.689,7.224,6.562,6.745,6.775,3.438,6.576,5.546,5.037,5.490,5.175,,mtp04_20220405_230708.bmp
1920.25,2.099,6.944,6.706,3.174,6.387,6.057,6.116,3.518,5.104,4.687,2.944,3.422,9.620,8.519,7.343,7.477,7.233,7.288,6.396,7.042,6.170,5.537,4.399,3.890,9.055,8.270,8.794,7.954,6.499,7.335,6.711,6.546,6.602,6.074,5.843,5.749,10.167,9.455,8.108,8.557,8.031,8.307,7.765,6.008,5.486,4.525,5.669,6.297,3.557,9.170,8.574,8.475,8.235,2.916,7.406,6.336,5.662,3.541,4.752,5.782,8.618,7.902,8.778,7.953,8.185,7.444,5.735,4.903,4.786,5.656,3.239,5.766,7.164,8.710,6.596,7.595,7.809,7.537,3.745,6.999,5.252,3.376,5.171,6.159,8.746,7.915,7.467,6.648,6.920,7.002,3.517,6.773,5.714,5.156,5.714,5.274,,mtp04_20220405_232709.bmp
1940.25,2.071,7.039,6.821,3.140,6.395,6.033,6.095,3.511,5.021,4.664,2.920,3.399,9.594,8.560,7.368,7.455,7.246,7.298,6.536,6.996,6.171,5.564,4.398,3.872,9.251,8.346,8.760,8.039,6.469,7.319,6.751,6.532,6.647,6.157,5.823,5.797,10.097,9.437,8.246,8.501,8.044,8.304,7.736,6.039,5.469,4.499,5.671,6.300,3.545,9.163,8.610,8.293,8.200,2.884,7.413,6.308,5.623,3.530,4.710,5.776,8.546,7.887,8.799,7.927,8.198,7.383,5.701,4.900,4.732,5.645,3.213,5.765,7.177,8.719,6.808,7.603,7.823,7.507,3.700,7.013,5.211,3.359,5.146,6.196,8.724,7.832,7.477,6.593,6.873,6.980,3.480,6.721,5.709,5.198,5.729,5.328,,mtp04_20220405_234709.bmp
1960.25,2.061,7.343,6.860,3.113,6.364,6.033,6.092,3.489,5.054,4.668,2.871,3.373,9.544,8.576,7.257,7.439,7.258,7.300,6.432,6.954,6.187,5.583,4.367,3.873,9.360,8.314,8.723,8.087,6.442,7.355,6.764,6.553,6.629,6.190,5.827,5.862,10.124,9.361,8.313,8.537,8.007,8.324,7.740,6.020,5.409,4.500,5.602,6.267,3.530,9.141,8.634,8.344,8.206,2.872,7.410,6.287,5.628,3.530,4.694,5.742,8.491,7.846,8.801,7.877,8.181,7.336,5.684,4.863,4.760,5.627,3.227,5.721,7.114,8.689,7.001,7.671,7.770,7.535,3.732,7.010,5.189,3.353,5.101,6.264,8.696,7.886,7.471,6.558,6.866,6.891,3.468,6.683,5.686,5.178,5.748,5.340,,mtp04_20220406_000716.bmp
1980.25,2.030,7.658,6.903,3.081,6.365,6.024,6.114,3.514,4.999,4.574,2.822,3.336,9.532,8.565,7.332,7.463,7.286,7.343,6.574,6.949,6.145,5.583,4.373,3.886,9.337,8.270,8.704,8.113,6.371,7.374,6.760,6.519,6.613,6.331,5.777,5.882,10.104,9.371,8.226,8.519,8.029,8.259,7.652,6.014,5.338,4.514,5.612,6.281,3.493,9.099,8.657,8.459,8.182,2.864,7.344,6.236,5.576,3.547,4.670,5.740,8.481,7.776,8.783,7.863,8.211,7.284,5.687,4.858,4.700,5.595,3.226,5.698,7.055,8.660,6.884,7.619,7.780,7.501,3.733,6.992,5.141,3.367,5.102,6.284,8.657,7.813,7.504,6.145,6.790,6.864,3.433,6.645,5.713,5.114,5.770,5.295,,mtp04_20220406_002709.bmp
2000.25,2.027,7.797,6.957,3.020,6.330,6.034,6.129,3.509,5.017,4.593,2.805,3.328,9.502,8.609,7.531,7.440,7.284,7.436,6.734,6.913,6.180,5.591,4.367,3.855,9.336,8.373,8.715,8.129,6.356,7.434,6.799,6.562,6.589,6.388,5.776,5.856,10.071,9.376,8.361,8.515,8.059,8.275,7.636,5.994,5.329,4.511,5.591,6.289,3.491,9.080,8.673,8.612,8.157,2.850,7.333,6.214,5.578,3.528,4.657,5.719,8.437,7.779,8.745,7.859,8.244,7.267,5.633,4.794,4.671,5.584,3.233,5.677,7.033,8.610,6.831,7.664,7.794,7.495,3.708,7.033,5.148,3.355,5.099,6.248,8.698,7.795,7.531,6.009,6.817,6.835,3.380,6.668,5.702,5.149,5.800,5.271,,mtp04_20220406_004708.bmp
2020.25,2.010,7.882,6.961,3.004,6.325,5.984,6.134,3.490,5.025,4.569,2.741,3.311,9.477,8.623,7.840,7.423,7.298,7.470,6.945,6.883,6.182,5.513,4.366,3.872,9.319,8.283,8.678,8.139,6.298,7.502,6.775,6.553,6.577,6.383,5.735,5.868,10.085,9.343,8.353,8.511,8.040,8.234,7.627,6.004,5.313,4.480,5.587,6.250,3.476,9.015,8.652,8.795,8.193,2.839,7.345,6.199,5.560,3.524,4.642,5.714,8.465,7.751,8.724,7.840,8.310,7.224,5.615,4.809,4.651,5.543,3.218,5.663,6.959,8.635,6.859,7.684,7.760,7.467,3.705,7.011,5.108,3.354,5.080,6.234,8.642,7.788,7.523,6.887,6.803,6.856,3.367,6.622,5.711,5.137,5.842,5.227,,mtp04_20220406_010709.bmp
2040.25,1.995,7.885,6.983,2.966,6.335,6.005,6.191,3.489,5.010,4.630,2.730,3.272,9.447,8.646,7.749,7.512,7.338,7.481,7.165,6.880,6.115,5.542,4.359,3.859,9.342,8.339,8.586,8.084,6.317,7.538,6.830,6.618,6.512,6.375,5.729,5.847,10.078,9.298,8.361,8.516,8.058,8.216,7.576,6.074,5.286,4.481,5.543,6.254,3.472,9.012,8.609,8.835,8.212,2.814,7.310,6.154,5.525,3.513,4.673,5.717,8.387,7.744,8.700,7.813,8.340,7.183,5.581,4.791,4.669,5.539,3.223,5.632,6.989,8.615,6.832,7.806,7.742,7.506,3.723,7.027,5.068,3.353,5.049,6.248,8.630,7.770,7.499,7.032,6.752,6.893,3.323,6.637,5.724,5.152,5.867,5.254,,mtp04_20220406_012709.bmp
2060.25,1.974,7.893,6.981,2.956,6.308,6.005,6.208,3.508,4.969,4.523,2.685,3.258,9.429,8.702,8.003,7.466,7.420,7.477,7.284,6.846,6.142,5.539,4.368,3.869,9.301,8.471,8.627,8.051,6.257,7.524,6.822,6.655,6.526,6.344,5.773,5.842,10.045,9.272,8.347,8.501,7.998,8.175,7.540,6.052,5.247,4.482,5.535,6.223,3.454,9.001,8.550,8.842,8.175,2.817,7.303,6.121,5.535,3.525,4.633,5.699,8.393,7.694,8.655,7.768,8.353,7.169,5.557,4.757,4.649,5.497,3.223,5.597,6.951,8.570,6.835,7.846,7.721,7.443,3.707,7.033,5.075,3.346,5.018,6.214,8.621,7.723,7.474,7.023,6.726,6.859,3.288,6.646,5.726,5.172,5.858,5.227,,mtp04_20220406_014709.bmp
2080.25,1.965,7.943,6.979,2.928,6.288,6.026,6.280,3.509,5.012,4.536,2.655,3.272,9.424,8.794,8.150,7.415,7.471,7.461,7.322,6.810,6.193,5.508,4.393,3.877,9.275,8.625,8.616,8.016,6.222,7.500,6.822,6.712,6.446,6.347,5.781,5.887,10.059,9.260,8.495,8.497,8.014,8.207,7.515,6.092,5.226,4.469,5.535,6.226,3.464,8.948,8.568,8.825,8.223,2.797,7.288,6.111,5.525,3.518,4.639,5.674,8.347,7.679,8.622,7.763,8.280,7.121,5.550,4.745,4.647,5.481,3.221,5.595,6.896,8.523,6.864,7.934,7.709,7.422,3.711,7.099,5.057,3.353,5.011,6.199,8.565,7.731,7.451,7.025,6.754,6.843,3.244,6.597,5.753,5.182,5.821,5.153,,mtp04_20220406_020709.bmp
2100.25,1.948,7.878,6.971,2.902,6.248,5.989,6.304,3.484,4.982,4.390,2.613,3.227,9.349,8.727,8.169,7.477,7.471,7.438,7.288,6.812,6.217,5.523,4.371,3.848,9.201,8.618,8.596,7.943,6.202,7.477,6.815,6.719,6.431,6.323,5.812,5.891,10.030,9.249,8.571,8.521,8.003,8.185,7.483,6.100,5.188,4.480,5.492,6.228,3.433,8.935,8.546,8.765,8.243,2.780,7.297,6.061,5.499,3.519,4.600,5.680,8.353,7.661,8.589,7.764,8.283,7.070,5.530,4.733,4.633,5.463,3.199,5.555,6.824,8.490,6.804,7.979,7.719,7.422,3.698,7.109,5.007,3.345,4.956,6.179,8.547,7.719,7.434,6.992,6.706,6.868,3.203,6.612,5.765,5.189,5.826,5.151,,mtp04_20220406_022708.bmp
2120.25,1.936,7.889,6.925,2.876,6.273,6.020,6.329,3.492,4.949,4.440,2.600,3.185,9.323,8.650,8.203,7.425,7.484,7.429,7.288,6.774,6.232,5.520,4.355,3.853,9.160,8.659,8.541,7.940,6.201,7.442,6.797,6.707,6.401,6.284,5.828,5.868,10.014,9.186,8.578,8.549,8.008,8.118,7.464,6.133,5.163,4.466,5.487,6.196,3.435,8.896,8.500,8.767,8.306,2.770,7.276,6.028,5.499,3.507,4.607,5.718,8.296,7.629,8.547,7.700,8.261,7.084,5.500,4.690,4.617,5.423,3.201,5.545,6.846,8.447,6.691,7.943,7.640,7.430,3.700,7.136,4.985,3.346,4.922,6.151,8.525,7.738,7.419,7.001,6.681,6.915,3.153,6.565,5.808,5.215,5.813,5.137,,mtp04_20220406_024708.bmp
2140.25,1.919,7.848,6.938,2.844,6.231,6.069,6.330,3.457,4.985,4.575,2.560,3.177,9.336,8.500,8.163,7.345,7.471,7.380,7.271,6.721,6.273,5.531,4.358,3.830,9.188,8.650,8.537,7.961,6.210,7.427,6.801,6.700,6.363,6.265,5.893,5.898,10.014,9.182,8.539,8.544,8.000,8.088,7.460,6.150,5.140,4.428,5.437,6.190,3.410,8.883,8.473,8.706,8.327,2.758,7.294,6.005,5.504,3.484,4.591,5.709,8.240,7.623,8.523,7.697,8.244,7.045,5.497,4.726,4.651,5.390,3.189,5.515,6.826,8.427,7.013,7.914,7.655,7.427,3.669,7.077,4.989,3.330,4.885,6.126,8.490,7.724,7.428,6.909,6.683,6.957,3.108,6.562,5.834,5.252,5.800,5.124,,mtp04_20220406_030710.bmp
2160.25,1.906,7.804,6.949,2.823,6.235,6.142,6.326,3.471,4.992,4.515,2.521,3.144,9.278,8.360,8.099,7.489,7.453,7.371,7.260,6.679,6.220,5.536,4.347,3.820,9.137,8.598,8.489,7.941,6.201,7.400,6.770,6.682,6.356,6.236,5.939,5.868,9.954,9.154,8.524,8.514,8.019,8.105,7.436,6.124,5.116,4.437,5.418,6.151,3.403,8.889,8.421,8.700,8.349,2.735,7.304,5.976,5.471,3.504,4.589,5.718,8.181,7.575,8.515,7.652,8.213,7.040,5.440,4.662,4.640,5.385,3.207,5.491,6.802,8.407,7.181,7.897,7.606,7.438,3.714,7.093,4.954,3.338,4.877,6.128,8.453,7.683,7.369,6.979,6.688,6.964,3.061,6.578,5.820,5.253,5.792,5.081,,mtp04_20220406_032709.bmp
2180.25,1.897,7.796,6.899,2.807,6.212,6.136,6.328,3.469,4.994,4.741,2.505,3.123,9.252,8.057,8.101,7.588,7.453,7.371,7.245,6.677,6.142,5.535,4.364,3.836,9.109,8.580,8.429,7.884,6.144,7.386,6.735,6.663,6.331,6.250,5.950,5.858,9.998,9.150,8.475,8.468,7.963,8.074,7.423,6.150,5.096,4.436,5.421,6.162,3.415,8.874,8.390,8.662,8.367,2.738,7.344,5.947,5.474,3.478,4.575,5.753,8.167,7.570,8.482,7.652,8.166,7.030,5.459,4.638,4.648,5.351,3.187,5.452,6.761,8.388,7.259,7.890,7.572,7.506,3.675,7.068,4.942,3.330,4.840,6.118,8.440,7.689,7.384,6.931,6.667,6.985,3.020,6.512,5.821,5.276,5.793,5.076,,mtp04_20220406_034709.bmp
2200.25,1.891,7.784,6.927,2.760,6.184,6.164,6.346,3.462,5.029,4.860,2.498,3.117,9.242,8.023,8.075,7.703,7.420,7.321,7.226,6.672,6.264,5.577,4.347,3.829,9.051,8.500,8.450,7.819,6.124,7.345,6.747,6.651,6.308,6.221,5.949,5.889,9.902,9.128,8.410,8.464,7.987,8.068,7.400,6.118,5.049,4.422,5.399,6.138,3.404,8.821,8.371,8.638,8.321,2.724,7.325,5.931,5.470,3.490,4.570,5.748,8.158,7.538,8.448,7.613,8.153,6.971,5.417,4.613,4.644,5.353,3.198,5.467,6.761,8.389,7.272,7.871,7.595,7.503,3.686,7.050,4.931,3.312,4.823,6.107,8.461,7.677,7.332,6.888,6.650,6.990,2.965,6.522,5.815,5.251,5.772,5.017,,mtp04_20220406_040709.bmp
2220.25,1.880,7.746,6.911,2.743,6.150,6.155,6.308,3.473,5.028,4.923,2.467,3.082,9.228,7.913,8.048,7.742,7.401,7.338,7.230,6.658,6.227,5.542,4.344,3.850,9.067,8.455,8.405,7.834,6.131,7.325,6.714,6.605,6.271,6.218,5.934,5.855,9.946,9.100,8.360,8.419,7.992,8.021,7.340,6.118,5.057,4.447,5.396,6.120,3.411,8.813,8.345,8.605,8.302,2.737,7.319,5.888,5.496,3.491,4.577,5.778,8.120,7.514,8.404,7.620,8.114,6.974,5.407,4.582,4.620,5.336,3.198,5.469,6.691,8.306,7.267,7.844,7.574,7.527,3.700,7.011,4.914,3.332,4.812,6.107,8.429,7.732,7.335,6.895,6.677,7.001,2.943,6.500,5.784,5.279,5.745,5.023,,mtp04_20220406_042710.bmp
2240.25,1.867,7.733,6.900,2.708,6.147,6.138,6.303,3.459,5.022,4.923,2.456,3.090,9.173,7.876,8.022,7.773,7.391,7.311,7.174,6.635,6.258,5.558,4.357,3.818,9.037,8.421,8.400,7.812,6.136,7.287,6.686,6.602,6.244,6.192,5.917,5.853,9.946,9.089,8.352,8.395,7.978,7.981,7.342,6.096,5.000,4.447,5.368,6.091,3.400,8.786,8.317,8.596,8.300,2.707,7.319,5.867,5.452,3.500,4.560,5.771,8.095,7.506,8.403,7.612,8.102,6.990,5.400,4.574,4.636,5.302,3.193,5.430,6.697,8.317,7.273,7.849,7.594,7.509,3.703,6.982,4.878,3.323,4.736,6.063,8.422,7.709,7.318,6.913,6.670,6.978,2.898,6.494,5.805,5.233,5.725,5.004,,mtp04_20220406_044710.bmp
2260.25,1.851,7.702,6.872,2.681,6.140,6.116,6.305,3.459,5.047,4.940,2.422,3.022,9.170,11.833,7.991,7.753,7.363,7.292,7.196,6.587,6.263,5.543,4.338,3.797,9.006,8.412,8.372,7.738,6.106,7.300,6.654,6.584,6.222,6.185,5.922,5.861,9.884,9.061,8.275,8.368,8.008,7.996,7.317,6.083,4.984,4.427,5.339,6.105,3.405,8.768,8.274,8.564,8.298,2.702,7.323,5.854,5.445,3.491,4.542,5.767,8.051,7.486,8.398,7.579,8.091,6.933,5.380,4.525,4.588,5.271,3.202,5.434,6.660,8.274,7.268,7.800,7.587,7.517,3.691,6.976,4.894,3.320,4.694,6.058,8.366,7.778,7.297,6.853,6.643,6.959,2.857,6.494,5.779,5.252,5.698,4.943,,mtp04_20220406_050709.bmp
2280.25,1.830,7.676,6.866,2.658,6.089,6.106,6.293,3.471,5.108,4.903,2.398,3.024,9.125,11.309,7.951,7.715,7.341,7.272,7.169,6.566,6.252,5.566,4.351,3.834,8.970,8.345,8.353,7.726,6.086,7.260,6.664,6.531,6.193,6.159,5.901,5.873,9.892,9.010,8.253,8.307,8.042,7.953,7.296,6.057,5.004,4.429,5.329,6.085,3.392,8.773,8.262,8.521,8.209,2.693,7.296,5.804,5.443,3.474,4.531,5.761,8.071,7.485,8.329,7.536,8.046,6.925,5.364,4.518,4.576,5.261,3.180,5.417,6.578,8.260,7.239,7.788,7.563,7.484,3.686,6.924,4.879,3.335,4.650,6.055,8.360,7.782,7.270,6.851,6.690,6.954,2.823,6.468,5.775,5.237,5.725,4.931,,mtp04_20220406_052709.bmp
2300.25,1.833,7.665,6.849,2.651,6.091,6.083,6.277,3.443,5.104,4.930,2.399,2.986,9.108,11.794,7.935,7.692,7.332,7.247,7.149,6.549,6.229,5.552,4.361,3.857,8.939,8.305,8.302,7.705,6.071,7.250,6.618,6.517,6.178,6.137,5.892,5.909,9.875,8.991,8.198,8.283,8.041,7.903,7.284,6.052,4.971,4.424,5.319,6.068,3.382,8.709,8.266,8.496,8.198,2.686,7.288,5.775,5.442,3.476,4.542,5.774,8.012,7.417,8.310,7.537,8.062,6.913,5.339,4.483,4.581,5.240,3.177,5.412,6.604,8.217,7.192,7.782,7.562,7.470,3.685,6.913,4.881,3.322,4.480,6.024,8.313,7.835,7.287,6.824,6.663,6.934,2.780,6.465,5.755,5.225,5.650,4.890,,mtp04_20220406_054709.bmp
2320.25,1.824,7.662,6.810,2.633,6.056,6.068,6.289,3.414,5.144,4.896,2.360,2.987,9.059,7.832,7.958,7.672,7.323,7.224,7.128,6.511,6.196,5.559,4.341,3.839,8.920,8.325,8.310,7.695,6.104,7.236,6.566,6.515,6.130,6.116,5.877,5.903,9.843,9.007,8.173,8.271,8.054,7.868,7.265,6.017,4.920,4.408,5.290,6.058,3.376,8.728,8.201,8.508,8.188,2.656,7.236,5.751,5.435,3.467,4.545,5.776,7.955,7.430,8.296,7.499,8.043,6.872,5.333,4.478,4.576,5.221,3.165,5.420,6.560,8.185,7.201,7.730,7.515,7.462,3.667,6.914,4.861,3.315,4.449,6.009,8.283,7.854,7.249,6.790,6.691,6.928,2.724,6.412,5.751,5.206,5.637,4.893,,mtp04_20220406_060710.bmp
2340.25,1.798,7.607,6.801,2.590,6.045,6.047,6.243,3.432,5.144,4.913,2.353,2.938,9.052,10.674,7.922,7.666,7.304,7.218,7.129,6.488,6.175,5.532,4.350,3.829,8.896,8.247,8.263,7.672,6.050,7.198,6.582,6.474,6.144,6.115,5.845,5.939,9.807,8.931,8.118,8.264,8.040,7.844,7.285,5.987,4.922,4.402,5.277,6.045,3.392,8.669,8.218,8.474,8.174,2.651,7.249,5.740,5.395,3.467,4.509,5.761,7.937,7.401,8.247,7.494,7.992,6.868,5.307,4.477,4.581,5.221,3.169,5.392,6.548,8.169,7.132,7.747,7.476,7.434,3.669,6.863,4.845,3.304,4.420,5.999,8.255,7.832,7.246,6.818,6.684,6.895,2.698,6.389,5.748,5.167,5.627,4.853,,mtp04_20220406_062710.bmp
2360.25,1.797,7.601,6.800,2.573,6.035,6.011,6.226,3.441,5.171,4.880,2.335,2.932,9.082,7.817,7.865,7.610,7.292,7.204,7.083,6.444,6.143,5.525,4.347,3.839,8.874,8.243,8.264,7.662,6.052,7.187,6.558,6.481,6.100,6.085,5.842,5.949,9.841,8.911,8.123,8.218,8.009,7.823,7.258,5.959,4.911,4.399,5.273,6.020,3.368,8.657,8.197,8.486,8.127,2.642,7.213,5.723,5.404,3.481,4.521,5.732,7.924,7.392,8.252,7.462,8.002,6.878,5.293,4.465,4.535,5.206,3.173,5.377,6.534,8.154,7.121,7.745,7.441,7.441,3.662,6.845,4.846,3.315,4.339,5.980,8.182,7.864,7.236,6.769,6.683,6.880,2.669,6.399,5.717,5.170,5.635,4.843,,mtp04_20220406_064709.bmp
2380.25,1.741,7.365,6.597,2.480,5.837,5.832,6.038,3.332,5.014,4.734,2.258,2.835,8.763,8.070,7.621,7.372,7.027,6.977,6.877,6.249,5.971,5.360,4.206,3.731,8.608,7.973,7.966,7.380,5.847,6.932,6.331,6.261,5.895,5.891,5.680,5.757,9.532,8.619,7.806,7.964,7.765,7.563,7.000,5.771,4.740,4.259,5.133,5.835,3.260,8.398,7.930,8.193,7.868,2.573,7.002,5.529,5.220,3.374,4.368,5.574,7.694,7.153,7.977,7.215,7.755,6.642,5.129,4.325,4.422,5.050,3.088,5.248,6.333,7.886,6.845,7.477,7.214,7.204,3.563,6.618,4.694,3.224,4.222,5.805,7.976,7.590,7.021,6.557,6.461,6.647,2.556,6.188,5.542,5.016,5.436,4.662,,mtp04_20220406_070709.bmp
2400.25,1.774,7.557,6.750,2.549,5.993,6.003,6.203,3.402,5.191,4.860,2.304,2.891,9.016,8.451,7.842,7.582,7.246,7.180,7.076,6.428,6.122,5.491,4.315,3.818,8.849,8.192,8.198,7.612,6.005,7.132,6.503,6.444,6.078,6.055,5.792,5.882,9.762,8.868,8.015,8.187,8.018,7.786,7.170,5.952,4.872,4.380,5.243,5.995,3.359,8.632,8.176,8.424,8.095,2.632,7.194,5.653,5.366,3.447,4.511,5.723,7.884,7.382,8.202,7.427,7.934,6.789,5.269,4.439,4.537,5.190,3.172,5.394,6.489,8.049,7.037,7.676,7.408,7.412,3.637,6.821,4.835,3.293,4.451,5.942,8.146,7.817,7.214,6.766,6.671,6.847,2.607,6.333,5.718,5.152,5.595,4.810,,mtp04_20220406_072710.bmp
2420.25,1.709,7.270,6.539,2.439,5.793,5.795,6.007,3.315,5.024,4.737,2.229,2.769,8.732,8.265,7.597,7.334,7.032,6.948,6.852,6.259,5.930,5.320,4.193,3.702,8.554,7.908,7.930,7.363,5.852,6.902,6.291,6.236,5.871,5.876,5.642,5.703,9.448,8.550,7.781,7.927,7.744,7.532,6.972,5.763,4.725,4.261,5.061,5.805,3.257,8.339,7.887,8.148,7.832,2.548,6.952,5.469,5.173,3.362,4.361,5.519,7.601,7.090,7.943,7.183,7.705,6.634,5.104,4.302,4.352,5.049,3.072,5.234,6.286,7.851,6.787,7.467,7.162,7.177,3.541,6.582,4.693,3.215,4.332,5.773,7.870,7.543,6.965,6.558,6.470,6.619,2.493,6.154,5.523,4.992,5.425,4.647,,mtp04_20220406_074709.bmp
2440.25,1.738,7.470,6.736,2.492,5.953,5.956,6.191,3.420,5.181,4.850,2.275,2.853,8.951,8.434,7.769,7.522,7.208,7.148,7.060,6.409,6.088,5.469,4.320,3.811,8.840,8.126,8.141,7.561,5.974,7.116,6.462,6.426,6.007,5.999,5.798,5.832,9.753,8.786,8.024,8.139,7.970,7.698,7.160,5.952,4.821,4.392,5.197,5.961,3.351,8.638,8.134,8.404,8.033,2.622,7.133,5.606,5.327,3.474,4.481,5.706,7.823,7.290,8.147,7.394,7.937,6.818,5.237,4.411,4.542,5.248,3.171,5.389,6.451,8.060,6.951,7.666,7.357,7.363,3.648,6.753,4.821,3.305,4.491,5.915,8.091,7.782,7.150,6.728,6.619,6.799,2.555,6.331,5.698,5.160,5.557,4.735,,mtp04_20220406_080709.bmp
2460.25,1.742,7.451,6.720,2.476,5.912,5.956,6.175,3.405,5.206,4.846,2.280,2.835,8.986,8.394,7.775,7.516,7.207,7.118,7.029,6.384,6.084,5.474,4.314,3.809,8.812,8.085,8.106,7.539,5.986,7.096,6.439,6.415,6.007,6.022,5.782,5.800,9.742,8.754,7.941,8.113,7.967,7.685,7.140,5.934,4.819,4.381,5.186,5.967,3.349,8.590,8.131,8.378,8.040,2.607,7.139,5.579,5.305,3.443,4.469,5.700,7.783,7.285,8.125,7.354,7.881,6.794,5.222,4.413,4.631,5.237,3.144,5.382,6.431,8.023,6.937,7.641,7.313,7.350,3.639,6.769,4.836,3.280,4.483,5.907,8.080,7.755,7.153,6.697,6.642,6.801,2.515,6.304,5.681,5.101,5.567,4.739,,mtp04_20220406_082710.bmp
2480.25,1.683,7.205,6.487,2.392,5.762,5.755,5.971,3.318,5.052,4.693,2.205,2.730,8.645,8.100,7.532,7.289,6.982,6.905,6.810,6.176,5.908,5.305,4.182,3.705,8.493,7.825,7.858,7.290,5.805,6.868,6.228,6.202,5.800,5.809,5.587,5.607,9.399,8.446,7.695,7.853,7.670,7.417,6.900,5.773,4.667,4.238,5.007,5.748,3.251,8.320,7.852,8.125,7.743,2.519,6.886,5.397,5.157,3.339,4.363,5.514,7.514,7.043,7.841,7.109,7.637,6.583,5.048,4.250,4.548,5.144,3.081,5.215,6.226,7.732,6.694,7.372,7.063,7.121,3.518,6.538,4.677,3.205,4.346,5.746,7.783,7.519,6.909,6.499,6.409,6.583,2.419,6.108,5.473,4.968,5.368,4.585,,mtp04_20220406_084709.bmp
2500.25,1.665,7.169,6.481,2.373,5.738,5.738,5.972,3.306,5.023,4.674,2.187,2.698,8.682,8.051,7.550,7.258,6.961,6.882,6.821,6.178,5.882,5.277,4.200,3.706,8.522,7.799,7.838,7.262,5.792,6.856,6.207,6.183,5.781,5.819,5.579,5.581,9.430,8.455,7.712,7.867,7.681,7.423,6.940,5.810,4.654,4.235,5.007,5.736,3.239,8.306,7.858,8.109,7.752,2.522,6.890,5.376,5.133,3.340,4.355,5.487,7.488,7.032,7.842,7.076,7.624,6.603,5.047,4.253,4.529,5.158,3.077,5.227,6.242,7.739,6.675,7.393,7.074,7.101,3.538,6.502,4.669,3.192,4.427,5.721,7.757,7.515,6.892,6.461,6.400,6.573,2.395,6.106,5.474,4.944,5.342,4.578,,mtp04_20220406_090710.bmp
2520.25,1.705,7.392,6.649,2.421,5.867,5.920,6.129,3.407,5.163,4.811,2.231,2.741,8.891,8.260,7.749,7.453,7.174,7.074,6.992,6.346,6.027,5.435,4.317,3.821,8.749,8.015,8.041,7.467,5.973,7.048,6.353,6.356,5.945,5.971,5.728,5.727,9.629,8.666,7.929,8.058,7.891,7.618,7.111,6.023,4.773,4.364,5.141,5.905,3.336,8.500,8.048,8.355,7.948,2.577,7.098,5.524,5.268,3.441,4.501,5.659,7.675,7.218,8.069,7.270,7.821,6.752,5.177,4.365,4.705,5.344,3.159,5.367,6.389,7.962,6.841,7.590,7.255,7.302,3.611,6.716,4.815,3.302,4.567,5.873,7.967,7.713,7.109,6.657,6.596,6.759,2.436,6.265,5.613,5.089,5.482,4.692,,mtp04_20220406_092718.bmp
2540.25,1.699,7.368,6.652,2.394,5.858,5.896,6.137,3.415,5.146,4.803,2.222,2.725,8.856,8.243,7.685,7.421,7.159,7.051,6.986,6.341,6.018,5.430,4.317,3.817,8.732,8.014,8.043,7.454,5.920,7.004,6.314,6.315,5.916,5.954,5.699,5.681,9.639,8.624,7.889,8.068,7.871,7.587,7.108,6.065,4.772,4.359,5.125,5.914,3.344,8.536,8.027,8.353,7.931,2.574,7.078,5.495,5.265,3.438,4.496,5.636,7.629,7.211,8.059,7.268,7.804,6.764,5.169,4.368,4.685,5.382,3.157,5.390,6.350,7.940,6.782,7.573,7.253,7.293,3.618,6.694,4.812,3.292,4.636,5.861,7.969,7.682,7.095,6.622,6.548,6.752,2.421,6.247,5.615,5.081,5.479,4.674,,mtp04_20220406_094710.bmp
2560.25,1.683,7.351,6.593,2.396,5.848,5.898,6.111,3.384,5.169,4.794,2.212,2.678,8.819,8.258,7.707,7.420,7.145,7.031,6.976,6.327,6.009,5.394,4.294,3.798,8.709,7.988,8.012,7.414,5.966,6.997,6.319,6.310,5.907,5.933,5.687,5.669,9.608,8.606,7.839,8.058,7.884,7.552,7.070,6.105,4.765,4.360,5.098,5.887,3.325,8.486,8.018,8.331,7.928,2.567,7.076,5.476,5.225,3.436,4.493,5.623,7.607,7.204,8.027,7.236,7.759,6.746,5.129,4.385,4.675,5.343,3.152,5.365,6.349,7.879,6.764,7.569,7.232,7.271,3.639,6.725,4.813,3.288,4.704,5.830,7.879,7.660,7.083,6.602,6.562,6.725,2.415,6.263,5.602,5.070,5.483,4.658,,mtp04_20220406_100710.bmp
2580.25,1.671,7.297,6.602,2.384,5.839,5.877,6.100,3.387,5.166,4.786,2.206,2.695,8.834,8.203,7.655,7.388,7.150,7.026,6.950,6.313,5.982,5.399,4.287,3.815,8.701,7.948,7.973,7.396,5.918,7.003,6.274,6.293,5.900,5.931,5.684,5.664,9.604,8.599,7.832,7.992,7.871,7.517,7.073,6.149,4.741,4.329,5.089,5.858,3.329,8.469,7.984,8.308,7.881,2.566,7.068,5.442,5.227,3.424,4.480,5.621,7.566,7.189,7.988,7.176,7.759,6.730,5.124,4.361,4.668,5.359,3.154,5.362,6.370,7.880,6.758,7.551,7.268,7.250,3.627,6.684,4.821,3.282,4.716,5.830,7.881,7.656,7.056,6.573,6.544,6.722,2.386,6.204,5.604,5.079,5.466,4.641,,mtp04_20220406_102710.bmp
2600.25,1.648,7.265,6.586,2.372,5.814,5.833,6.099,3.372,5.159,4.767,2.208,2.649,8.799,8.159,7.673,7.377,7.095,7.019,6.914,6.305,5.989,5.396,4.302,3.805,8.648,7.931,7.933,7.390,5.893,6.961,6.257,6.256,5.847,5.930,5.681,5.623,9.543,8.548,7.824,8.009,7.869,7.513,7.036,6.219,4.745,4.341,5.078,5.859,3.311,8.483,7.976,8.297,7.870,2.551,7.044,5.420,5.182,3.441,4.485,5.597,7.534,7.170,7.974,7.171,7.723,6.713,5.104,4.356,4.632,5.342,3.150,5.372,6.288,7.879,6.706,7.514,7.211,7.275,3.610,6.652,4.799,3.289,4.760,5.812,7.853,7.618,7.047,6.569,6.503,6.681,2.382,6.207,5.576,5.038,5.440,4.629,,mtp04_20220406_104710.bmp
2620.25,1.649,7.233,6.566,2.355,5.781,5.809,6.052,3.364,5.132,4.765,2.189,2.618,8.795,8.154,7.642,7.379,7.077,7.006,6.917,6.286,5.965,5.400,4.298,3.805,8.640,7.914,7.926,7.344,5.932,6.936,6.181,6.270,5.856,5.917,5.667,5.627,9.521,8.522,7.830,7.998,7.840,7.443,7.022,6.269,4.746,4.332,5.059,5.857,3.307,8.426,7.955,8.282,7.855,2.535,7.022,5.407,5.186,3.417,4.490,5.578,7.506,7.158,7.939,7.135,7.664,6.707,5.110,4.366,4.623,5.331,3.143,5.346,6.308,7.849,6.678,7.500,7.228,7.250,3.597,6.644,4.778,3.258,4.706,5.781,7.772,7.596,7.027,6.579,6.526,6.701,2.348,6.206,5.597,5.053,5.390,4.624,,mtp04_20220406_110711.bmp
2640.25,1.640,7.258,6.579,2.327,5.802,5.836,6.067,3.379,5.145,4.763,2.180,2.615,8.809,8.156,7.621,7.354,7.090,7.026,6.901,6.248,5.967,5.372,4.290,3.806,8.627,7.910,7.900,7.336,5.883,6.956,6.178,6.240,5.833,5.890,5.653,5.608,9.508,8.516,7.815,7.930,7.780,7.449,7.001,6.297,4.727,4.344,5.042,5.824,3.313,8.400,7.952,8.275,7.848,2.531,6.974,5.398,5.185,3.425,4.465,5.569,7.456,7.156,7.959,7.103,7.692,6.688,5.120,4.330,4.615,5.347,3.123,5.359,6.264,7.840,6.666,7.493,7.193,7.227,3.612,6.627,4.806,3.276,4.703,5.802,7.772,7.625,7.047,6.542,6.482,6.663,2.357,6.174,5.555,5.013,5.419,4.607,,mtp04_20220406_112711.bmp
2660.25,1.623,7.199,6.559,2.310,5.764,5.815,6.040,3.365,5.114,4.735,2.174,2.567,8.754,8.124,7.607,7.360,7.052,6.973,6.890,6.250,5.925,5.357,4.287,3.790,8.595,7.850,7.883,7.335,5.909,6.903,6.170,6.223,5.820,5.855,5.621,5.573,9.516,8.452,7.777,7.965,7.787,7.405,6.971,6.266,4.701,4.332,5.033,5.799,3.307,8.422,7.920,8.244,7.765,2.535,6.978,5.357,5.148,3.438,4.460,5.547,7.459,7.146,7.937,7.074,7.614,6.690,5.060,4.330,4.601,5.338,3.143,5.327,6.268,7.806,6.644,7.439,7.176,7.213,3.603,6.602,4.778,3.272,4.667,5.769,7.776,7.577,7.027,6.566,6.472,6.650,2.331,6.175,5.524,5.034,5.409,4.582,,mtp04_20220406_114711.bmp
2680.25,1.614,7.146,6.519,2.301,5.716,5.824,6.020,3.342,5.134,4.729,2.171,2.562,8.705,8.075,7.583,7.314,7.039,6.956,6.879,6.231,5.913,5.356,4.276,3.784,8.556,7.836,7.852,7.290,5.859,6.870,6.115,6.205,5.813,5.852,5.626,5.569,9.467,8.431,7.826,7.931,7.777,7.393,6.970,6.273,4.712,4.328,5.025,5.773,3.291,8.370,7.893,8.243,7.788,2.531,6.985,5.335,5.133,3.421,4.481,5.530,7.407,7.122,7.874,7.054,7.617,6.676,5.068,4.348,4.597,5.336,3.146,5.318,6.244,7.822,6.613,7.425,7.154,7.212,3.615,6.603,4.789,3.256,4.653,5.775,7.743,7.587,6.989,6.538,6.459,6.628,2.324,6.137,5.533,5.012,5.387,4.570,,mtp04_20220406_120711.bmp
2700.25,1.553,6.952,6.315,2.227,5.571,5.655,5.849,3.262,4.958,4.577,2.111,2.486,8.479,7.835,7.387,7.097,6.832,6.746,6.659,6.044,5.749,5.189,4.161,3.698,8.331,7.587,7.608,7.103,5.763,6.685,5.931,6.037,5.624,5.683,5.457,5.398,9.142,8.177,7.575,7.694,7.526,7.152,6.799,6.092,4.576,4.206,4.870,5.598,3.218,8.139,7.658,7.974,7.556,2.438,6.755,5.160,4.971,3.328,4.344,5.352,7.196,6.945,7.639,6.803,7.357,6.447,4.920,4.195,4.432,5.174,3.033,5.160,6.081,7.575,6.411,7.185,6.938,6.961,3.493,6.389,4.633,3.164,4.481,5.572,7.423,7.302,6.799,6.307,6.272,6.420,2.240,5.933,5.358,4.830,5.210,4.427,,mtp04_20220406_122719.bmp
