File_Type,GValue
File_Version,1
GP,
MTP_Type,96Wells_Square
MTP_Wells_X,12
MTP_Wells_Y,8
Timestamp,20210120_101852
MTP,10
Plate-ID,

Time (min),A1,A2,A3,A4,A5,A6,A7,A8,A9,A10,A11,A12,B1,B2,B3,B4,B5,B6,B7,B8,B9,B10,B11,B12,C1,C2,C3,C4,C5,C6,C7,C8,C9,C10,C11,C12,D1,D2,D3,D4,D5,D6,D7,D8,D9,D10,D11,D12,E1,E2,E3,E4,E5,E6,E7,E8,E9,E10,E11,E12,F1,F2,F3,F4,F5,F6,F7,F8,F9,F10,F11,F12,G1,G2,G3,G4,G5,G6,G7,G8,G9,G10,G11,G12,H1,H2,H3,H4,H5,H6,H7,H8,H9,H10,H11,H12
0,"29,131","28,531","28,116","29,029","28,286","28,182","28,294","28,796","29,873","29,422","30,159","29,837","27,224","26,451","26,404","27,194","28,445","27,025","26,757","26,651","27,947","28,578","28,224","29,649","26,122","26,465","25,804","26,031","26,096","26,582","26,867","26,853","28,337","28,012","28,608","27,910","26,727","26,118","26,700","28,094","27,841","26,671","26,194","26,747","27,835","28,331","28,990","29,502","26,112","26,041","26,510","28,033","27,235","27,100","27,090","26,265","29,349","28,176","29,239","28,480","27,018","27,249","27,484","26,512","26,655","26,751","27,080","26,584","28,365","28,025","30,508","28,382","35,435","31,149","31,512","28,908","30,529","32,649","28,965","28,894","30,400","30,639","31,392","29,394","30,739","30,710","29,982","30,588","29,880","30,441","30,343","32,053","30,871","31,490","32,261","32,375"
20,"29,541","28,518","28,143","28,822","28,327","28,006","28,261","28,684","30,084","29,400","30,271","29,731","27,384","26,312","26,439","27,247","28,863","26,847","26,978","26,557","27,796","28,529","28,275","29,655","25,914","26,357","25,800","25,924","26,029","26,633","27,108","26,816","28,171","28,049","28,437","27,712","26,745","26,049","26,433","28,020","27,775","26,614","26,180","26,653","27,759","28,204","28,820","29,808","26,010","26,031","26,490","27,971","27,292","27,061","27,004","26,092","29,390","28,082","29,190","28,390","26,882","27,114","27,563","26,371","26,555","26,373","27,014","26,331","28,335","27,992","30,720","28,253","36,071","31,378","31,584","28,908","30,473","33,112","28,918","28,633","30,310","30,671","31,306","29,196","30,510","30,445","29,808","30,473","29,800","30,512","30,039","32,014","30,696","31,292","32,078","32,025"
40,"30,475","28,875","28,755","29,192","28,667","28,380","28,643","28,865","30,965","29,747","30,776","30,106","27,947","26,453","26,604","26,845","30,325","27,147","27,239","26,767","28,135","29,025","28,618","29,810","26,080","26,600","25,982","26,065","26,067","26,947","27,992","27,173","28,649","28,327","28,924","27,871","26,655","26,276","26,620","28,206","28,145","26,776","26,422","26,688","28,149","28,359","29,418","31,131","26,165","26,112","26,712","28,020","27,888","27,131","27,116","26,086","29,653","28,169","29,763","28,465","26,849","27,624","27,861","26,459","26,543","26,529","27,180","26,394","28,331","27,939","31,545","28,527","36,082","32,273","31,894","29,057","30,624","34,010","29,047","28,678","30,376","30,690","31,233","29,204","30,533","30,461","29,829","30,380","29,835","30,592","30,114","31,976","30,627","31,076","32,143","32,022"
60,"32,120","29,531","29,818","30,008","29,457","29,031","29,253","29,400","32,708","30,684","31,825","30,790","28,720","26,982","27,275","27,516","32,725","27,476","28,008","27,127","28,461","30,080","29,400","30,661","26,245","27,010","26,514","26,335","26,273","27,771","29,545","27,955","29,314","28,892","29,827","28,106","27,167","26,549","26,906","28,371","28,592","26,996","26,771","26,961","28,425","28,602","30,288","33,037","26,159","25,861","27,143","27,904","28,790","27,596","27,271","26,037","30,218","28,406","30,341","28,641","26,975","28,206","28,253","26,361","26,416","26,902","27,455","26,420","28,506","27,927","32,776","28,643","36,471","33,002","32,292","28,892","30,639","35,271","28,733","28,457","30,002","30,410","30,988","28,929","30,382","30,029","29,594","30,257","29,490","30,135","29,969","31,659","30,482","31,135","31,894","31,943"
80,"35,573","30,761","31,765","30,841","30,935","30,410","30,322","30,496","35,661","32,051","33,561","32,278","30,671","27,602","28,478","28,894","37,204","28,188","29,490","27,759","29,331","31,500","30,771","31,884","26,496","27,800","27,527","26,990","26,545","29,304","32,414","28,620","30,563","29,998","31,320","28,598","27,602","27,253","27,712","28,839","29,427","27,535","27,404","27,371","29,496","29,014","31,624","36,776","26,620","26,298","28,049","28,484","30,549","28,186","28,012","26,308","31,267","29,124","32,053","29,324","27,304","29,576","29,708","27,149","26,822","27,818","28,139","26,735","28,847","28,141","35,576","29,449","36,459","35,039","33,410","29,435","31,022","37,769","28,984","28,739","30,139","30,602","31,200","29,280","30,433","30,306","29,671","30,443","29,794","30,365","30,137","31,749","30,839","31,275","32,151","32,163"
101,"40,727","32,573","34,625","32,363","33,031","32,390","31,631","31,563","39,627","34,135","36,357","34,680","33,459","28,692","30,022","30,878","43,824","29,076","31,878","28,406","30,300","33,755","33,151","33,869","26,841","28,653","28,927","27,831","26,600","31,529","37,551","30,486","32,394","31,665","33,678","29,253","28,043","28,382","28,529","29,373","30,555","28,412","28,490","27,929","30,675","29,437","33,655","42,922","27,161","26,651","29,616","28,380","33,214","29,178","28,947","26,249","32,680","29,496","34,445","30,149","27,853","31,516","31,847","27,712","26,971","29,206","28,967","26,876","29,353","28,178","40,171","30,439","36,171","38,020","34,776","29,775","31,251","41,898","28,863","28,671","30,192","30,553","31,129","29,186","30,549","30,247","29,712","30,473","29,812","30,202","30,084","31,794","30,724","31,308","32,208","32,086"
121,"45,847","35,778","39,614","34,518","36,327","36,298","33,586","33,665","45,449","37,929","40,698","38,494","37,978","30,304","32,735","34,494","48,571","30,557","36,122","29,667","32,167","37,825","36,222","36,537","27,457","30,410","31,261","29,212","27,078","34,737","43,098","32,831","35,612","34,424","37,208","30,363","29,225","30,033","30,182","30,396","32,502","29,753","30,204","28,924","32,931","30,157","36,755","47,627","27,935","27,176","31,839","28,898","36,904","30,688","30,225","26,412","34,390","30,637","38,508","31,635","28,743","34,716","35,235","28,775","27,416","31,329","30,512","27,451","29,933","28,310","46,502","31,971","36,306","42,265","36,951","30,433","31,718","46,775","28,849","28,569","30,098","30,437","31,078","29,259","30,514","30,278","29,686","30,518","29,710","30,078","30,008","31,714","30,731","31,239","32,108","31,994"
141,"49,488","40,857","45,051","37,998","40,780","41,173","36,331","37,225","50,392","43,175","45,396","43,435","42,759","32,871","37,278","39,612","56,292","32,747","41,557","31,702","35,263","43,271","40,971","40,282","28,641","33,071","34,743","31,143","27,635","40,024","49,424","36,082","41,175","39,541","42,582","32,031","31,053","32,822","32,871","31,931","36,188","32,039","32,996","30,776","36,263","31,584","41,708","54,437","29,433","28,208","35,551","29,571","42,390","33,751","32,427","26,506","36,047","32,514","43,475","34,161","30,757","39,545","40,310","30,790","28,165","34,924","32,343","28,255","31,194","28,584","50,471","34,394","37,306","47,008","41,086","31,592","32,494","52,055","28,771","28,641","30,106","30,273","31,057","29,206","30,543","30,325","29,975","30,498","29,759","30,100","30,008","31,759","30,765","31,263","32,096","32,104"
161,"53,316","45,498","50,298","43,320","45,622","46,447","39,739","42,484","56,049","47,469","47,773","48,563","47,347","37,312","41,965","44,547","60,525","35,892","47,339","35,347","40,582","48,235","45,429","43,982","30,653","36,896","40,698","34,357","28,725","44,859","57,671","40,153","45,565","44,653","46,153","34,733","34,004","37,690","37,078","34,561","41,118","35,796","37,702","33,533","41,206","33,902","47,320","59,251","31,602","29,894","40,598","30,657","46,690","38,847","36,190","26,680","37,100","35,906","48,765","37,875","33,490","44,963","45,696","33,708","29,373","40,451","35,425","29,731","33,076","29,235","55,792","38,122","39,827","52,216","45,531","33,465","34,129","59,096","28,782","28,571","29,890","30,175","30,996","29,198","30,467","30,188","29,804","30,504","29,829","30,025","30,161","31,610","30,873","31,273","32,082","32,176"
181,"53,696","49,124","57,155","46,210","50,773","51,892","42,394","46,351","57,806","51,255","50,447","52,573","52,433","41,804","47,549","49,737","66,582","39,620","53,433","39,080","44,159","54,406","50,414","47,261","33,178","41,041","44,490","38,135","30,247","49,257","62,180","43,776","51,173","48,965","51,978","39,010","38,437","42,533","41,741","38,098","45,288","39,647","41,637","37,588","44,267","37,561","52,398","63,261","34,576","32,296","45,345","32,190","51,592","43,196","39,882","26,961","38,206","40,063","54,802","42,986","37,682","49,441","50,531","38,431","31,086","44,441","39,073","32,014","35,963","29,963","60,618","41,996","43,971","58,225","49,898","36,171","36,231","62,516","28,569","28,461","29,796","29,984","30,786","29,127","30,371","29,967","29,627","30,561","29,798","29,669","30,053","31,475","30,694","31,106","31,953","31,951"
201,"58,951","55,588","61,182","51,257","58,435","56,945","46,039","52,882","63,941","56,116","51,551","57,261","56,631","45,169","54,363","55,431","71,886","43,343","57,743","43,000","49,414","58,739","56,433","53,094","38,588","45,180","50,012","42,192","33,139","57,471","69,514","49,631","56,616","54,075","57,627","43,798","43,347","46,922","46,271","43,835","51,212","44,218","45,700","42,363","48,727","42,116","59,618","68,616","38,186","37,518","51,057","35,122","56,175","47,576","43,871","27,657","38,471","44,955","59,351","46,663","42,247","55,029","56,684","43,276","35,243","49,841","43,094","36,071","40,614","31,386","63,743","45,706","47,092","62,510","56,410","40,843","40,929","69,029","28,608","28,629","29,767","29,884","30,875","29,161","30,504","30,198","29,733","30,659","29,880","29,808","30,212","31,449","31,045","31,145","32,022","32,165"
221,"60,859","58,002","66,965","57,894","61,720","62,886","49,308","56,682","67,376","60,112","55,920","62,792","61,688","50,614","57,447","60,463","75,400","48,233","64,153","46,312","55,696","65,461","61,525","55,425","42,557","51,504","53,424","45,518","37,869","60,710","73,278","53,692","62,473","59,416","59,541","46,310","46,455","53,418","52,412","46,614","54,471","49,276","51,390","44,737","53,255","45,143","66,910","72,476","41,108","42,565","55,818","38,751","61,980","53,210","48,735","28,429","39,135","48,588","66,280","50,516","45,145","56,112","61,808","46,104","40,010","54,276","47,735","38,486","44,045","33,661","69,547","50,216","52,602","69,698","59,922","43,345","44,965","72,653","28,259","28,516","29,629","29,447","30,727","28,961","30,669","29,859","29,731","30,361","29,712","29,567","29,935","31,100","30,673","30,976","32,000","32,025"
241,"61,480","62,906","71,888","61,037","66,631","66,780","51,914","62,518","69,959","63,835","57,647","66,175","65,167","53,002","63,292","65,418","79,153","53,539","67,759","49,814","57,916","68,625","66,747","60,067","44,576","58,402","58,818","50,884","42,933","66,155","78,414","58,322","66,733","64,561","64,171","51,514","52,853","56,620","56,365","52,757","60,924","52,545","53,855","50,035","56,627","50,786","72,418","77,824","45,463","45,751","61,208","42,222","66,763","56,878","51,022","29,649","40,188","53,827","70,225","54,608","50,078","62,008","67,827","51,447","43,296","59,569","53,255","40,351","47,578","37,053","73,298","54,124","56,437","76,298","65,702","46,473","49,182","76,006","28,188","28,451","29,369","29,082","30,496","28,986","30,606","29,612","29,602","30,300","29,641","29,425","30,024","30,869","30,559","31,024","31,875","31,912"
261,"62,810","64,843","76,790","65,902","73,010","69,682","52,629","65,804","72,802","65,622","57,675","68,175","67,935","57,867","65,792","67,631","83,827","54,804","71,492","53,000","63,014","72,310","69,755","61,982","49,412","60,945","62,155","52,616","47,627","71,549","83,514","61,759","69,625","69,043","66,441","53,088","55,308","62,110","62,743","55,314","64,271","58,533","58,845","52,114","60,304","53,006","76,576","84,510","49,022","51,016","66,343","45,175","70,755","62,173","55,927","31,506","41,486","57,833","73,980","57,718","53,729","65,116","71,476","53,027","47,541","64,069","55,431","43,733","52,971","39,722","76,571","57,694","61,549","80,500","68,010","51,424","54,653","80,304","28,239","28,614","29,510","29,059","30,582","29,076","30,657","29,906","29,639","30,622","29,980","29,704","30,286","31,080","30,849","31,063","31,978","32,098"
281,"64,124","67,629","82,671","71,263","78,382","73,161","55,033","68,022","75,661","68,839","57,971","70,790","71,863","60,039","68,824","70,384","88,682","57,849","76,106","55,606","65,565","77,763","72,847","63,280","51,749","68,127","63,014","57,159","52,457","75,337","88,198","63,088","73,424","74,518","70,133","58,031","61,349","64,367","66,980","61,478","66,582","61,324","59,498","56,449","62,594","58,325","81,392","91,375","53,147","52,798","69,933","49,300","76,294","64,490","58,620","33,620","42,518","62,225","79,235","61,343","58,100","68,165","75,733","58,288","51,604","65,880","60,447","46,175","54,606","40,698","80,465","61,416","65,284","85,373","71,222","52,390","56,320","85,578","27,971","28,322","29,057","28,692","30,145","28,824","30,651","29,539","29,382","30,371","29,600","29,561","30,141","30,824","30,761","30,982","31,933","31,949"
"301,25","67,178","71,124","88,373","74,069","83,976","77,402","56,382","71,080","78,335","72,241","60,612","74,473","76,478","60,227","73,327","73,927","91,551","61,029","80,582","55,096","67,859","82,635","76,869","65,573","55,122","73,576","64,575","58,020","53,933","80,214","91,104","65,541","79,002","80,145","75,484","59,225","63,435","66,271","71,331","65,100","69,212","63,112","60,984","57,975","64,271","60,355","88,131","95,800","56,906","56,906","74,267","53,294","80,367","66,167","58,916","35,945","43,194","63,600","84,537","62,467","61,396","71,604","80,788","59,876","55,178","68,141","61,765","49,306","58,506","43,198","85,853","62,716","67,375","90,016","74,331","56,343","60,955","89,812","27,669","28,282","28,998","28,506","30,278","28,939","30,712","29,588","29,418","30,445","29,671","29,565","30,102","30,820","30,718","31,065","32,000","31,927"
321,"70,108","75,390","94,039","78,382","89,145","81,253","58,320","75,327","81,016","77,514","64,280","78,320","81,371","61,851","78,543","78,188","93,694","63,620","84,425","56,394","71,459","87,110","80,120","68,580","57,524","79,161","66,686","59,292","56,896","85,896","94,210","69,686","83,871","85,133","81,431","60,747","65,125","68,753","77,055","68,245","72,575","66,343","63,478","58,788","66,155","61,214","93,986","100,275","57,684","60,002","80,445","54,345","84,061","68,957","60,853","38,082","43,888","65,676","88,655","63,478","61,933","76,686","85,355","60,618","59,371","71,335","63,780","51,829","59,261","45,810","89,618","64,520","70,753","93,635","77,963","56,888","62,831","92,953","27,512","28,355","28,863","28,537","30,245","28,882","30,761","29,567","29,469","30,363","29,675","29,488","30,000","30,963","30,551","30,933","31,931","32,043"
341,"73,457","80,365","98,680","83,537","93,680","84,939","60,129","80,806","82,590","81,810","67,927","82,175","86,190","64,673","85,137","82,475","95,361","66,394","87,039","58,449","76,431","91,129","83,251","72,051","57,916","84,100","69,049","61,925","61,298","91,708","97,127","73,067","88,561","89,586","86,880","63,747","67,382","73,033","83,184","72,529","76,800","69,873","66,463","60,578","68,747","63,139","98,912","105,361","59,635","61,380","85,302","56,024","87,563","72,375","63,684","41,216","43,920","68,435","92,200","65,908","63,857","82,406","88,786","62,376","60,655","75,851","66,920","53,210","60,214","47,020","93,029","66,698","74,975","95,753","81,757","57,367","64,796","94,520","27,494","28,216","28,765","28,457","30,012","28,804","30,657","29,494","29,398","30,314","29,675","29,455","30,047","30,818","30,688","30,841","31,878","31,976"
"361,25","76,547","83,729","100,139","88,031","95,810","85,933","61,200","84,176","82,465","84,739","70,463","84,661","88,688","66,616","89,310","84,116","96,175","69,629","89,294","60,820","80,718","92,916","84,220","74,514","58,596","88,659","71,776","64,555","64,094","95,633","98,782","75,841","90,180","92,143","89,924","66,863","70,257","76,080","87,931","77,088","79,594","72,894","69,008","62,661","70,327","65,278","102,027","107,400","61,284","63,061","89,051","58,735","89,500","74,820","65,943","44,737","45,251","71,341","93,912","67,969","66,345","86,257","89,837","64,492","61,582","79,106","69,843","53,935","61,902","48,643","94,322","69,020","78,300","96,318","84,153","58,314","66,561","95,804","27,241","28,086","28,608","28,188","29,665","28,592","30,490","29,163","29,106","30,225","29,610","29,425","29,843","30,669","30,498","30,737","31,678","31,714"
381,"82,657","88,412","105,355","95,359","100,333","89,667","63,961","88,698","86,716","89,308","75,061","88,214","92,137","70,188","93,259","87,296","99,890","74,812","92,973","64,157","87,084","97,012","87,682","78,349","61,994","93,663","75,329","68,694","69,647","101,500","102,433","79,675","95,500","96,088","94,508","72,267","75,733","80,220","93,141","82,553","83,971","77,220","72,469","66,078","73,525","68,357","107,212","110,961","64,584","67,224","94,131","61,741","94,494","77,994","69,751","48,978","46,384","76,388","97,212","71,675","70,506","91,490","93,580","68,196","64,920","83,649","74,700","57,063","65,363","50,908","97,124","73,196","82,320","100,433","87,678","60,841","70,916","99,149","27,261","28,149","28,710","28,263","29,633","28,633","30,627","29,304","29,376","30,510","29,563","29,549","29,945","30,786","30,735","30,859","31,851","31,961"
"401,25","84,488","88,573","106,439","98,982","101,727","91,143","65,135","90,194","89,110","89,653","78,659","89,337","92,835","73,147","95,708","87,892","101,153","78,531","94,680","66,655","89,978","99,173","89,782","80,312","64,049","95,512","76,659","71,298","74,573","103,827","103,176","81,222","97,604","97,451","96,300","75,482","78,573","82,400","95,610","86,469","85,810","79,306","74,396","68,310","75,265","70,998","109,014","111,537","66,851","70,620","96,118","63,455","96,427","79,486","72,586","52,002","47,406","79,749","99,222","74,004","73,339","92,849","95,075","71,047","67,231","85,271","77,045","59,706","67,576","51,598","97,600","76,247","84,108","102,018","88,518","63,325","73,973","100,178","27,037","27,929","28,578","28,118","29,584","28,386","30,690","29,218","29,388","30,282","29,537","29,218","29,880","30,527","30,371","30,682","31,920","31,671"
421,"87,825","92,818","110,171","103,233","107,102","95,980","67,984","92,433","90,924","93,567","81,320","92,059","96,667","76,682","100,747","92,104","104,484","83,935","98,631","69,984","92,982","103,420","92,659","82,380","67,575","99,594","80,141","75,249","80,861","109,427","107,157","83,533","101,708","100,594","100,276","80,322","82,461","86,276","100,269","91,684","87,849","83,147","77,720","72,114","78,592","75,288","113,175","114,304","70,475","76,461","100,225","66,335","100,663","81,937","76,576","56,053","49,380","83,275","103,096","78,073","77,955","95,680","99,288","75,571","71,063","88,475","80,829","63,851","71,531","53,314","101,469","80,720","88,161","106,812","91,365","66,924","78,812","103,973","27,175","28,012","28,820","28,304","29,675","28,547","30,859","29,398","29,416","30,386","29,675","29,476","30,069","30,680","30,676","30,743","31,837","31,961"
441,"91,345","95,441","112,365","107,204","109,818","99,506","70,302","94,841","91,002","95,875","85,727","94,135","100,120","79,422","103,457","94,745","106,151","87,543","100,190","72,345","96,096","106,051","96,376","84,184","70,200","102,302","82,149","78,073","84,906","111,655","109,335","85,373","103,675","102,761","102,580","83,702","85,967","87,139","103,439","95,018","90,304","85,522","80,431","75,618","80,796","78,461","115,733","115,824","73,214","80,353","103,100","68,322","104,006","85,322","79,733","57,435","50,835","85,884","105,592","81,541","81,078","98,943","102,565","78,480","74,855","90,643","83,153","67,035","75,241","55,378","104,000","82,937","90,831","110,424","93,847","69,551","82,043","105,922","27,298","27,925","28,765","28,406","29,712","28,618","30,735","29,455","29,533","30,488","29,671","29,484","29,971","30,675","30,612","30,853","31,904","31,931"
461,"95,390","98,222","114,394","109,851","111,820","101,998","73,161","97,563","93,392","100,520","88,647","95,551","103,618","82,237","105,751","99,053","108,708","89,278","102,582","74,575","98,561","108,816","98,588","88,390","73,841","104,676","85,827","80,637","88,278","112,498","111,259","89,767","105,933","104,978","104,694","85,890","87,392","89,486","105,404","98,035","93,606","88,318","82,567","78,398","83,471","81,149","117,527","116,465","76,139","83,614","105,790","70,465","108,016","87,445","82,000","59,033","52,318","88,529","108,194","85,788","84,727","101,900","105,673","81,014","78,055","92,310","85,186","71,000","78,888","58,110","105,525","85,039","93,375","112,288","96,775","72,498","85,088","107,237","27,325","27,933","28,722","28,318","29,512","28,804","30,578","29,145","29,296","30,543","29,716","29,588","30,086","30,949","30,729","30,959","31,947","31,945"
1731,"112,500","107,363","107,237","113,206","107,416","117,184","89,812","107,451","112,800","110,784","111,606","108,010","116,212","114,218","109,365","109,282","114,078","100,673","109,692","101,053","102,241","119,416","111,224","113,175","108,778","112,435","106,024","114,318","115,704","111,841","118,294","110,751","111,845","113,114","104,369","114,859","112,982","111,476","112,631","117,576","107,255","106,690","108,159","113,694","98,573","103,051","116,086","113,853","127,039","109,012","113,982","81,784","118,510","107,618","105,780","65,373","89,741","106,720","114,625","112,947","117,055","106,082","115,792","112,100","102,202","103,263","108,443","101,933","109,929","98,455","106,629","111,733","104,439","119,653","112,798","107,753","102,063","110,792","27,963","28,141","28,478","29,025","29,729","29,171","31,241","29,757","29,120","29,812","29,225","29,210","29,786","30,347","31,494","31,547","32,441","32,427"
1751,"113,284","108,612","108,212","113,522","108,135","118,063","91,841","108,565","114,545","111,033","113,496","110,467","118,288","115,853","111,563","110,114","115,414","103,029","110,520","104,382","104,737","118,894","112,469","116,057","111,533","113,361","106,769","117,527","117,935","112,967","119,943","114,920","114,910","114,049","105,184","118,431","116,312","113,704","116,516","119,998","109,110","110,325","112,304","116,614","101,978","104,249","117,969","114,355","128,214","111,339","115,718","82,722","119,469","110,441","108,667","67,345","93,353","109,278","116,051","115,494","119,951","108,245","116,288","115,582","104,916","106,273","111,225","104,527","113,149","100,951","107,749","114,073","110,125","121,433","116,298","111,659","105,451","112,418","27,780","28,204","28,700","28,802","29,743","28,973","31,251","29,571","29,161","29,904","29,182","29,278","29,729","30,492","31,141","31,384","32,292","32,169"
1771,"113,975","110,071","108,943","116,443","108,831","118,490","93,329","109,894","115,633","112,016","114,390","112,688","117,569","118,631","113,518","110,990","116,255","105,363","110,831","106,086","105,724","122,069","114,118","114,992","113,696","114,680","110,857","120,992","119,567","113,608","121,608","116,514","117,361","115,618","106,349","121,325","119,312","116,259","118,671","121,280","110,975","114,875","113,967","118,855","104,065","105,590","120,792","115,478","128,616","114,231","119,176","83,545","121,798","112,880","110,749","68,935","97,402","111,400","118,520","117,471","123,312","110,976","118,525","118,004","107,916","109,302","114,712","109,020","115,798","103,937","109,622","116,116","112,161","122,790","120,329","114,788","105,924","113,075","27,649","28,065","28,676","28,541","29,869","28,902","31,229","29,394","29,265","29,994","29,263","29,090","29,773","30,339","30,824","31,094","32,088","32,092"
1791,"113,476","110,843","108,614","116,508","108,527","118,490","94,608","107,331","115,437","112,200","115,261","114,547","114,633","118,727","112,065","110,212","113,031","105,102","109,443","109,349","102,606","121,502","114,012","117,135","114,322","116,075","111,524","121,365","119,390","113,039","121,776","116,588","117,327","115,876","106,798","122,222","119,424","117,402","119,920","121,347","112,216","115,241","115,178","118,898","105,967","106,522","121,049","114,927","127,451","115,075","119,633","83,633","121,688","112,584","111,988","69,753","101,261","113,212","119,551","118,204","123,522","111,767","117,894","119,022","108,659","109,875","115,729","110,398","117,141","106,367","110,508","117,592","114,498","123,855","120,457","117,049","106,861","112,331","27,400","27,992","28,516","28,431","29,696","28,582","31,141","29,376","29,229","29,802","28,986","29,031","29,647","30,229","30,553","30,876","31,869","31,816"
1811,"114,992","111,225","110,584","119,906","110,696","119,541","98,002","109,349","117,675","114,694","118,837","118,443","116,643","121,422","113,759","112,237","115,578","107,547","110,990","114,096","104,561","125,831","116,204","119,986","118,953","119,965","115,255","124,686","122,080","117,747","124,659","119,941","120,735","119,898","109,927","125,473","122,245","121,010","122,710","124,322","115,573","119,624","118,249","121,186","109,002","109,896","124,700","117,563","129,747","118,045","122,767","85,684","124,204","115,537","115,800","71,571","107,625","116,722","122,686","121,341","125,720","115,594","121,873","121,978","113,022","113,163","119,333","114,510","121,106","110,635","113,157","120,892","116,410","127,155","124,300","120,843","110,639","114,214","27,488","27,927","28,755","28,480","29,731","28,696","31,255","29,365","29,222","29,933","29,210","29,147","29,792","30,318","30,553","31,037","32,037","31,890"
1831,"116,159","110,578","111,778","121,896","111,651","119,298","99,553","109,437","118,565","114,759","120,943","120,206","117,416","122,363","114,029","113,000","115,916","108,680","111,688","117,057","105,743","127,088","116,833","120,094","121,269","121,127","117,243","125,822","123,127","119,729","125,541","121,204","122,661","121,039","110,406","126,210","123,078","122,241","124,402","125,949","117,173","121,539","119,610","122,090","111,945","112,469","127,459","118,673","130,375","119,935","124,667","87,643","124,994","116,743","117,575","72,916","111,139","118,720","124,288","122,220","126,571","116,982","123,571","123,684","115,314","115,633","120,547","116,384","122,420","114,133","114,137","122,194","117,563","128,653","125,553","123,100","113,031","114,506","27,865","28,275","28,973","28,804","29,802","29,098","30,867","29,531","29,294","30,233","29,524","29,533","30,010","30,686","31,127","31,471","32,388","32,196"
1851,"114,476","110,835","113,580","122,514","112,659","122,824","101,159","110,373","119,549","113,984","122,965","120,365","118,669","123,129","114,871","113,239","116,153","109,886","112,406","119,980","106,875","128,882","117,886","120,796","122,527","122,071","118,865","126,722","124,002","121,169","126,169","122,163","124,035","122,792","109,835","126,653","123,778","123,278","125,763","126,431","118,206","123,053","121,145","122,394","114,298","113,496","128,973","119,275","130,551","120,908","125,541","89,888","125,414","117,788","119,176","74,373","114,110","119,594","125,288","123,039","127,212","118,586","124,510","124,888","117,467","117,155","121,992","118,512","123,282","116,345","115,414","122,851","118,437","130,039","126,639","124,594","113,022","115,280","27,596","28,084","28,763","28,476","29,827","28,851","31,151","29,394","29,396","30,049","29,261","29,222","29,775","30,363","30,549","30,967","32,061","31,904"
1871,"115,786","111,857","114,378","123,706","113,494","121,557","102,608","110,655","120,302","113,447","124,053","123,039","118,806","123,837","115,665","113,425","117,192","110,202","112,380","121,622","107,347","129,455","118,053","121,847","123,753","123,339","120,473","127,220","125,229","121,608","127,098","123,045","125,263","124,265","112,263","127,473","124,694","123,929","127,122","127,641","119,955","124,271","122,027","122,975","116,384","115,922","129,384","118,733","130,388","122,502","126,678","93,508","126,171","118,749","120,247","76,043","116,047","120,594","126,233","124,206","127,939","120,541","125,708","125,743","118,849","118,692","122,675","120,210","124,261","118,394","116,737","123,908","120,202","131,016","128,184","125,473","115,786","115,482","27,837","28,402","29,108","28,802","29,802","29,053","30,927","29,500","29,312","30,194","29,586","29,569","30,016","30,931","31,245","31,539","32,302","32,257"
1911,"118,041","114,427","116,253","125,918","115,810","120,812","105,490","111,694","121,539","115,188","126,378","125,304","120,420","125,012","116,443","114,914","117,845","110,361","114,151","126,602","108,231","128,573","119,392","124,131","125,229","125,327","122,698","128,590","126,324","122,133","128,435","124,484","127,063","125,592","114,090","128,508","125,876","125,135","129,427","128,988","121,347","126,061","123,739","124,441","118,502","117,494","130,820","120,098","129,900","123,745","128,663","96,986","126,731","120,251","121,710","78,969","118,602","121,878","127,678","125,339","129,631","122,745","127,463","127,024","120,063","121,100","124,186","122,492","125,312","121,186","119,220","125,339","123,394","132,688","130,086","127,267","119,065","117,225","27,686","28,247","28,941","28,637","29,833","28,980","30,959","29,631","29,461","30,312","29,627","29,631","30,147","30,767","30,924","31,316","32,341","32,010"
1931,"117,943","115,000","117,482","127,006","116,763","124,267","107,357","112,343","122,288","115,490","127,492","127,375","121,398","125,151","116,786","115,739","118,302","111,367","114,694","128,798","111,869","130,724","120,525","128,267","125,827","126,139","123,525","128,486","127,078","122,725","128,941","125,284","128,039","126,390","114,651","128,649","126,300","125,504","129,988","129,469","122,167","127,125","124,504","124,533","119,575","118,525","131,290","120,765","129,753","124,476","129,537","99,808","126,698","121,473","122,316","80,527","119,476","122,367","128,467","126,133","129,747","124,369","128,141","127,778","120,604","121,780","125,092","123,104","125,624","122,043","120,716","126,276","123,863","133,135","130,973","128,129","120,333","117,716","27,741","28,306","29,055","28,639","29,863","29,118","30,990","29,492","29,396","30,294","29,651","29,671","30,186","30,835","31,078","31,257","32,239","31,916"
1951,"119,276","115,922","119,061","128,910","117,449","123,143","108,449","112,684","123,406","115,835","128,210","128,684","121,696","124,906","117,096","116,743","118,759","112,055","115,265","130,704","113,606","132,608","120,537","127,908","126,796","127,073","124,198","128,349","127,225","123,296","129,127","125,312","128,306","127,316","115,794","128,457","126,355","125,798","129,676","129,588","122,788","127,169","124,220","124,355","120,584","119,188","131,622","121,171","129,635","125,127","129,420","100,563","126,575","121,541","123,118","82,420","120,414","122,908","129,102","126,157","129,555","125,180","128,824","128,135","121,125","122,229","125,118","123,933","125,582","122,600","122,137","126,406","124,767","133,590","131,400","128,192","121,424","118,114","27,625","28,124","28,902","28,584","29,720","28,916","31,222","29,531","29,410","30,104","29,369","29,261","29,943","30,710","30,778","31,124","32,096","31,849"
1971,"121,408","116,961","117,976","130,335","117,339","122,192","109,310","113,137","124,161","116,614","129,059","129,029","120,878","124,737","117,308","117,008","119,086","113,194","116,059","131,457","114,259","134,198","120,198","130,647","127,086","127,422","124,875","128,163","127,190","123,535","128,533","125,169","128,216","127,682","116,506","128,253","126,043","125,792","129,945","129,451","122,665","127,027","124,310","124,063","121,355","120,237","131,684","121,049","129,445","125,614","129,543","103,508","126,229","121,527","123,418","85,388","121,188","123,027","129,316","127,159","129,155","126,490","129,733","128,018","121,418","123,008","125,380","124,618","125,539","123,692","123,290","126,320","126,208","133,620","131,322","128,192","122,482","118,124","27,649","28,110","28,859","28,496","29,802","28,892","31,204","29,631","29,382","30,067","29,447","29,467","29,996","30,784","30,763","31,125","32,073","31,925"
1991,"121,631","119,263","118,680","130,359","117,020","121,896","111,078","114,143","124,173","117,988","129,371","129,639","121,749","124,476","117,935","117,998","119,920","114,318","116,537","131,825","114,963","133,804","121,604","129,918","126,735","128,110","124,792","128,014","127,188","124,367","128,290","125,039","128,082","128,006","115,606","128,112","125,875","125,684","129,688","129,039","122,673","126,771","124,343","124,043","121,339","121,122","131,943","120,669","129,141","125,653","129,478","103,633","126,204","121,475","123,429","88,369","121,731","123,049","129,053","127,541","129,408","127,018","130,535","128,104","121,384","123,412","125,098","124,867","125,520","124,080","124,122","126,192","127,382","133,239","131,331","128,314","123,686","119,555","27,604","28,188","28,831","28,557","29,867","28,947","31,141","29,584","29,351","30,251","29,527","29,418","29,957","30,667","30,731","31,255","32,165","31,910"
2011,"121,506","119,669","118,729","131,676","117,775","122,459","112,776","114,382","124,822","118,429","129,814","129,984","121,992","124,257","118,478","118,753","121,110","115,778","116,900","132,222","114,753","134,122","121,371","132,218","126,506","128,924","124,565","127,782","127,090","125,071","127,635","124,610","127,763","128,796","116,684","127,492","125,512","125,457","129,514","128,859","122,692","126,598","124,008","124,257","120,925","121,700","132,555","120,471","129,029","125,045","129,294","105,294","126,049","121,098","123,078","90,492","122,429","122,696","129,090","127,655","128,906","127,649","131,249","127,518","121,012","123,157","124,943","124,620","125,469","124,584","124,882","125,947","128,063","133,159","131,188","128,118","124,429","120,476","27,794","28,237","29,127","28,671","29,855","28,935","30,927","29,520","29,478","30,357","29,712","29,596","30,222","30,933","30,908","31,302","32,284","32,020"
2031,"120,488","122,251","119,296","132,925","118,286","122,822","114,149","114,782","127,486","119,343","130,422","130,867","121,302","124,169","119,086","120,112","121,343","118,457","117,494","132,876","114,896","134,329","124,363","131,053","126,398","128,994","124,318","127,506","126,908","126,108","127,680","124,261","127,400","129,122","115,425","127,178","125,122","125,286","129,375","128,927","122,269","126,359","124,033","123,965","120,980","122,043","133,216","120,747","128,945","124,978","129,188","105,512","124,976","120,804","122,935","93,425","122,841","122,733","129,016","127,749","129,098","128,057","131,855","127,386","121,012","123,131","124,759","124,271","125,173","125,369","125,410","126,047","129,416","132,922","131,422","127,980","125,376","120,863","27,549","28,214","28,873","28,565","29,775","28,973","31,261","29,569","29,375","30,276","29,486","29,398","30,027","30,712","30,698","31,035","32,076","31,908"
2051,"118,794","123,400","116,898","131,229","117,222","122,125","113,812","114,351","127,255","120,063","129,343","129,786","119,965","122,153","118,541","118,882","120,078","116,100","117,059","131,622","112,759","132,586","123,965","129,647","124,302","126,914","122,447","125,237","125,688","124,571","125,718","122,676","125,722","127,702","112,839","125,545","123,294","123,671","127,427","127,076","120,133","124,318","122,335","122,467","119,314","121,218","131,875","119,418","127,041","123,061","127,145","105,945","124,259","118,973","121,175","93,555","121,212","121,065","127,361","125,888","127,043","125,994","130,286","125,476","119,565","121,447","122,982","122,231","123,588","123,496","124,218","124,592","129,212","130,884","129,225","126,002","124,333","119,857","27,476","27,906","28,655","28,331","29,571","28,808","30,957","29,288","29,149","30,037","29,402","29,316","29,878","30,500","30,584","30,888","31,878","31,625"
2071,"120,863","124,467","118,602","133,410","118,096","123,545","117,298","116,547","128,925","122,369","130,604","131,761","126,876","123,876","121,192","121,551","121,139","118,386","119,012","134,145","116,588","134,573","126,590","131,402","125,480","128,196","123,808","126,469","126,698","126,629","127,088","123,900","126,771","129,382","114,859","126,984","124,584","124,978","128,873","128,569","121,318","126,102","123,671","123,671","120,733","122,653","133,584","121,239","128,729","124,484","128,886","109,129","126,394","120,141","122,449","97,031","122,584","122,251","129,020","127,037","128,694","127,133","132,351","126,747","120,510","122,451","124,339","123,414","124,739","124,629","126,565","125,776","132,010","132,422","131,278","127,539","126,608","121,575","27,549","28,045","28,859","28,453","29,731","28,922","31,157","29,384","29,316","30,267","29,524","29,467","29,965","30,620","30,620","31,167","32,114","31,884"
2091,"121,355","123,890","118,445","133,014","119,835","123,469","118,298","117,025","130,604","122,169","130,573","132,778","127,967","123,884","122,218","122,198","121,261","119,329","119,971","134,071","117,767","134,886","127,565","131,902","125,349","127,914","123,492","126,104","126,778","127,004","127,300","123,665","126,998","129,433","115,337","126,673","124,447","124,845","128,743","128,222","121,457","125,582","123,384","123,676","120,722","123,402","133,496","121,684","128,704","124,316","129,116","109,588","127,500","120,222","122,461","98,541","122,075","121,998","128,555","126,490","128,802","126,443","132,269","126,433","120,155","122,463","124,084","122,996","124,798","124,343","126,763","125,914","133,525","132,222","131,129","127,153","127,488","122,002","27,635","28,176","28,906","28,571","29,725","28,986","31,314","29,388","29,441","30,267","29,539","29,451","30,041","30,778","30,729","31,151","32,033","31,912"
2111,"122,825","122,000","117,375","131,318","119,443","125,643","117,888","115,886","129,141","119,300","128,592","132,061","126,443","121,890","120,255","119,304","120,443","119,186","118,402","132,267","116,237","133,180","126,345","130,425","123,451","126,198","121,778","124,245","125,520","125,741","125,175","121,971","125,175","127,775","114,400","125,127","122,741","123,720","126,888","126,490","119,629","124,112","121,747","122,286","119,165","122,176","131,769","119,935","126,904","122,735","127,037","109,533","127,043","118,333","120,704","99,278","120,386","120,451","127,106","124,471","126,873","124,500","130,290","124,869","118,820","120,943","122,306","121,220","122,955","122,498","125,192","124,275","133,773","130,571","129,531","125,463","125,875","121,204","27,643","27,990","28,967","28,567","29,671","28,925","30,865","29,267","29,186","30,214","29,704","29,557","30,061","30,794","30,820","31,229","32,112","31,908"
2131,"125,967","122,604","118,567","133,449","117,675","123,665","120,971","118,478","130,416","120,816","129,633","134,063","129,186","123,400","121,567","120,390","122,180","121,586","120,273","133,743","116,925","134,590","128,614","132,563","124,549","127,302","123,214","125,847","126,590","127,261","126,945","123,443","126,545","129,327","116,855","126,243","124,175","124,814","128,537","127,947","120,888","125,386","123,263","123,516","120,396","123,278","133,465","121,602","128,159","123,992","128,867","111,622","129,792","119,837","121,873","102,075","121,241","121,798","128,588","125,435","128,271","125,847","131,865","126,294","119,571","122,220","123,831","122,539","124,396","123,527","126,498","125,635","136,486","131,933","131,269","127,029","127,522","123,996","27,835","28,314","29,118","28,737","29,951","29,008","30,937","29,557","29,414","30,498","29,880","29,700","30,245","30,955","31,078","31,298","32,078","32,031"
2151,"128,690","124,502","118,790","133,735","121,027","126,833","122,141","118,529","130,884","121,973","129,559","133,947","130,192","123,106","122,004","120,557","123,080","122,031","120,659","133,265","119,269","134,649","129,025","133,588","124,171","127,063","123,131","125,288","126,571","126,755","126,653","123,212","126,443","128,839","117,214","126,335","123,896","124,637","128,345","127,757","120,680","124,951","123,284","123,325","120,247","122,794","133,139","122,249","128,024","123,727","128,590","112,467","131,069","119,702","121,749","103,904","120,665","121,324","128,541","125,094","127,918","125,794","131,884","125,918","119,261","121,933","123,433","121,812","124,255","123,073","126,180","125,614","135,435","132,188","131,304","126,896","127,335","125,641","27,459","28,120","28,859","28,508","29,704","28,912","31,302","29,388","29,431","30,296","29,504","29,467","29,955","30,798","30,812","31,100","32,147","31,949"
"2171,25","125,090","125,622","119,335","134,386","119,267","126,190","122,345","118,890","131,382","124,980","129,463","133,502","130,694","123,149","122,498","121,318","123,422","122,202","121,657","133,247","120,388","134,680","129,337","133,647","124,118","126,835","123,280","125,096","126,310","126,143","126,616","123,114","126,367","128,786","117,584","126,098","124,204","124,875","128,198","127,686","120,659","125,010","123,082","123,265","120,316","122,167","133,155","122,043","128,229","124,137","128,741","113,498","132,529","119,694","122,012","105,722","120,431","121,639","128,727","125,014","127,778","125,643","131,859","125,894","119,300","121,892","123,367","121,525","124,165","122,902","126,296","125,567","136,510","131,941","131,284","126,759","126,790","126,841","27,869","28,314","29,049","28,722","29,969","29,043","31,039","29,718","29,469","30,504","29,959","29,747","30,267","31,010","31,012","31,265","32,353","32,084"
2191,"124,000","124,802","119,694","135,429","120,041","126,053","122,961","119,608","131,820","123,067","129,231","132,500","130,612","122,775","125,535","122,757","124,949","123,059","122,071","132,810","118,182","134,545","129,978","133,282","123,892","126,771","122,967","124,863","126,359","125,684","126,359","122,988","126,057","128,633","118,020","125,925","123,669","124,837","128,190","127,586","120,337","124,794","122,996","123,159","120,378","121,818","132,763","122,139","128,184","123,739","128,480","114,153","133,176","119,110","121,694","107,541","119,902","121,543","128,359","124,447","127,590","125,504","131,459","125,659","119,022","121,861","123,051","121,304","123,888","122,414","125,680","125,457","135,492","131,504","131,108","126,512","126,520","126,402","27,657","28,069","28,845","28,569","29,824","28,976","31,373","29,524","29,439","30,212","29,584","29,529","30,069","30,831","30,665","31,090","32,231","31,910"
2211,"123,833","125,300","119,757","135,827","120,427","125,775","125,708","119,382","132,057","127,029","129,053","132,090","130,937","122,871","124,853","123,494","124,812","123,788","122,651","132,663","118,604","134,575","130,200","132,620","123,694","126,267","123,033","124,835","126,261","125,190","126,367","122,806","126,110","128,063","118,751","125,963","124,047","124,978","128,110","127,422","120,037","124,776","122,949","123,075","120,210","121,561","132,951","122,455","128,057","123,588","128,276","114,965","133,753","119,394","121,469","109,039","119,769","121,406","128,439","124,427","127,412","125,157","131,502","125,818","118,775","121,780","123,012","121,359","123,639","122,376","125,584","125,475","136,784","131,784","131,243","126,427","126,184","127,069","27,818","28,278","29,139","28,647","29,890","29,022","31,078","29,625","29,461","30,504","29,933","29,808","30,220","31,071","30,955","31,333","32,312","32,094"
2231,"124,514","127,920","119,978","136,225","119,718","126,929","126,945","119,888","132,600","125,784","129,051","131,724","131,467","122,892","125,863","123,165","124,475","123,786","123,496","132,543","116,661","134,490","130,384","131,939","123,435","126,520","122,792","124,751","126,143","124,825","126,227","122,765","125,780","127,841","119,439","125,925","123,900","124,745","128,035","127,755","120,425","124,910","122,851","122,786","120,186","121,220","132,718","122,251","127,939","123,512","128,386","115,404","133,592","119,447","121,331","110,396","119,410","121,141","128,559","123,814","127,404","125,227","131,318","125,647","118,753","121,649","122,924","120,961","123,510","122,075","125,429","125,700","137,049","131,512","131,198","126,096","125,918","127,733","27,753","28,367","29,086","28,692","29,865","29,075","31,031","29,598","29,400","30,575","29,892","29,782","30,212","31,098","31,014","31,382","32,282","32,147"
2251,"128,229","128,661","120,033","136,451","121,839","127,229","128,102","120,112","133,025","125,606","129,216","131,594","131,845","122,624","126,453","123,692","124,459","123,125","123,700","132,492","117,869","134,163","130,241","131,137","123,188","126,351","122,761","124,471","126,173","124,429","126,024","122,635","126,088","127,586","119,769","125,955","123,876","124,714","127,912","127,320","120,027","124,467","122,496","122,827","119,820","121,318","132,465","122,510","127,757","123,447","128,322","115,463","133,492","118,955","121,122","111,910","119,488","121,245","128,414","123,524","127,218","125,184","131,249","125,629","118,441","121,620","123,069","120,610","123,490","121,649","125,451","125,378","138,273","131,418","130,992","125,878","125,614","126,743","27,702","28,161","28,861","28,500","29,576","28,990","31,265","29,518","29,357","30,284","29,510","29,476","30,016","30,761","30,706","31,114","32,200","31,808"
2271,"129,039","129,673","120,790","136,578","119,288","128,457","128,992","120,110","133,376","127,802","128,886","131,404","132,016","122,545","127,837","125,155","124,435","125,324","123,800","132,182","119,063","133,867","129,896","130,782","123,131","126,327","122,784","124,349","125,782","123,978","125,855","122,369","125,765","127,473","120,218","125,829","123,671","124,675","127,700","127,316","120,088","124,390","122,557","122,675","119,873","121,020","132,378","122,453","127,567","123,059","128,104","116,024","133,112","118,804","121,090","112,761","118,947","121,143","128,143","123,314","126,849","125,078","131,312","125,335","118,406","121,639","122,667","120,459","123,439","121,624","125,245","125,465","139,380","131,337","131,075","125,563","125,227","128,769","27,625","28,065","28,802","28,449","29,706","28,880","31,292","29,439","29,386","30,294","29,600","29,529","29,884","30,814","30,702","31,216","32,375","31,859"
2291,"127,737","130,533","121,506","136,618","120,833","128,590","129,188","120,649","133,886","127,902","129,102","130,857","132,425","122,216","125,543","124,839","124,690","125,514","123,902","131,904","118,467","133,684","129,688","130,571","122,841","126,182","122,222","123,941","125,816","123,806","125,976","122,694","125,800","127,175","120,929","125,780","123,782","124,569","127,839","127,247","120,049","124,022","122,496","122,625","119,725","120,982","132,349","122,653","127,471","122,925","128,141","116,447","132,931","118,882","120,900","113,302","118,571","120,967","127,978","123,155","126,873","125,204","131,104","125,171","118,296","121,624","122,696","120,094","123,176","121,014","125,178","125,439","139,773","131,067","131,216","125,600","125,163","129,682","27,743","28,296","29,082","28,678","29,804","29,018","30,994","29,580","29,494","30,437","29,833","29,647","30,175","31,039","30,884","31,292","32,524","31,976"
2311,"128,439","130,653","121,453","136,057","122,320","128,425","129,447","121,043","134,029","128,047","129,037","130,725","132,484","122,359","129,043","125,120","125,837","124,575","123,616","131,957","119,451","133,253","129,794","130,282","122,622","125,873","122,237","124,229","125,743","123,465","125,690","122,563","125,718","126,904","121,329","125,837","123,273","124,498","127,424","127,120","120,016","124,012","122,388","122,349","119,696","120,794","132,122","122,671","127,220","122,690","128,116","116,541","132,800","118,739","120,771","114,027","118,316","120,916","128,214","122,698","126,722","124,990","130,798","125,078","118,220","121,175","122,520","119,822","123,210","120,902","125,204","125,157","139,627","131,251","131,271","125,284","124,990","130,559","27,651","28,129","28,824","28,551","29,571","28,969","31,196","29,575","29,302","30,273","29,578","29,488","30,025","30,563","30,749","31,178","32,284","31,767"
2331,"127,627","131,151","121,225","135,914","123,025","129,471","129,553","122,902","134,529","128,808","128,678","130,625","132,790","121,929","129,316","124,441","125,910","125,476","123,524","131,531","119,398","133,022","129,527","130,022","122,520","125,776","122,255","123,947","125,671","123,406","125,284","122,388","125,433","126,857","121,422","125,692","123,175","124,714","127,284","127,210","119,949","123,767","122,302","122,445","119,655","120,590","132,035","122,922","127,235","122,618","128,163","116,410","132,788","118,614","120,680","114,835","118,286","120,790","128,059","122,908","126,598","124,994","130,857","124,861","117,867","121,667","122,412","119,835","123,116","120,937","124,963","125,153","138,961","130,198","130,931","125,071","124,802","130,980","27,714","28,031","28,796","28,494","29,643","28,937","31,296","29,512","29,365","30,188","29,616","29,508","29,945","30,743","30,804","31,163","32,143","31,825"
2351,"125,304","131,196","121,761","135,575","119,973","129,659","129,849","121,231","134,188","129,145","128,678","130,324","132,965","121,900","129,206","122,727","125,661","125,629","123,871","131,324","121,222","132,941","129,239","129,625","122,341","125,733","121,998","123,659","125,406","123,004","125,378","122,431","125,414","126,722","124,594","125,416","122,975","124,575","127,520","127,151","119,798","123,831","122,092","122,163","117,798","120,449","131,888","123,175","127,016","122,584","127,949","116,061","132,288","118,916","120,331","115,300","118,004","120,855","128,004","122,541","126,371","124,802","130,506","124,869","117,827","121,451","121,975","119,504","122,759","120,508","124,861","125,006","138,863","128,924","130,792","125,006","124,769","130,684","27,635","28,022","28,816","28,441","29,598","28,878","31,345","29,473","29,388","30,192","29,582","29,531","29,969","30,818","30,690","31,053","32,337","31,937"
2371,"123,684","131,604","120,925","135,443","121,718","129,243","130,200","121,025","133,951","129,608","128,414","130,235","133,257","121,757","130,696","123,590","126,486","125,165","124,767","131,398","122,771","132,924","129,225","129,404","122,302","125,551","122,257","123,543","125,455","122,902","125,320","122,300","125,469","126,704","125,808","125,486","122,937","124,718","127,382","127,194","119,767","123,488","122,114","121,978","117,384","120,267","132,010","123,976","127,131","122,533","127,861","115,414","131,890","118,592","120,388","115,702","117,604","120,990","128,135","122,704","126,455","124,720","130,704","125,031","117,524","121,196","121,922","119,437","122,520","120,380","124,859","125,031","138,576","128,941","131,031","124,676","124,543","130,020","27,667","28,094","28,878","28,594","29,722","29,092","31,337","29,469","29,398","30,253","29,716","29,529","29,986","30,871","30,822","31,167","32,427","31,880"
2391,"127,641","131,629","120,610","134,967","120,867","127,643","130,188","122,635","133,269","130,018","128,418","130,376","133,659","121,757","130,396","123,918","126,276","125,775","125,220","131,116","124,998","132,296","128,910","129,116","122,396","125,692","122,002","121,565","125,559","122,853","125,339","122,355","125,273","126,553","125,684","125,571","122,937","124,520","127,573","127,276","119,761","124,061","122,127","122,004","117,849","120,218","131,949","124,835","126,686","122,255","127,602","115,263","131,898","118,327","120,284","115,318","117,445","120,578","128,263","122,529","126,424","124,951","130,457","124,965","117,618","121,327","121,833","119,069","122,714","120,171","124,641","124,788","138,675","129,249","130,975","124,710","124,451","129,925","27,808","28,302","29,147","28,659","29,918","28,996","31,149","29,610","29,406","30,714","29,931","29,751","30,263","31,071","31,008","31,363","32,457","31,906"
2411,"132,927","132,524","120,722","134,804","121,729","128,247","130,565","121,225","132,741","130,316","128,322","130,349","134,278","121,649","131,602","124,522","126,951","127,800","126,553","131,037","123,861","132,425","128,910","129,249","122,418","125,555","121,863","119,900","125,494","122,771","125,180","122,424","124,998","126,573","126,422","125,651","122,647","124,576","127,241","127,545","119,533","123,718","122,131","121,959","118,557","120,192","131,967","124,165","126,861","122,202","127,749","114,729","131,445","118,051","120,229","114,978","117,353","120,512","128,067","122,355","126,559","124,914","130,533","124,835","117,627","121,475","121,990","119,214","122,159","120,267","124,516","124,761","138,553","129,976","131,057","124,657","124,496","131,286","27,671","28,222","29,159","28,694","29,769","29,167","31,116","29,753","29,437","30,588","29,975","29,682","30,176","30,975","30,994","31,325","32,475","32,061"
2431,"135,129","132,798","122,176","134,814","120,859","128,659","130,686","122,014","131,980","130,753","128,627","130,169","134,308","121,571","131,492","124,520","126,655","128,704","127,388","130,982","126,233","132,533","128,708","128,702","122,102","125,373","121,580","119,400","125,043","122,512","124,861","122,116","124,971","126,312","127,618","125,198","122,451","124,480","126,975","127,324","119,047","123,422","121,969","121,835","119,208","120,037","131,827","125,075","126,441","122,102","127,753","114,008","131,443","117,933","120,088","114,800","117,043","120,547","128,016","122,294","126,082","124,659","130,237","124,527","117,276","121,357","121,731","118,612","122,151","119,975","124,680","124,676","138,714","130,602","130,690","124,345","124,010","129,257","27,571","28,045","28,925","28,541","29,665","28,927","31,331","29,575","29,451","30,325","29,557","29,471","30,006","30,800","30,757","31,151","32,216","31,745"
2451,"134,982","133,251","122,249","134,304","119,943","129,106","131,069","122,300","131,894","131,390","128,178","130,304","134,047","121,431","132,357","125,349","125,853","128,698","126,996","130,541","125,055","132,106","128,588","128,504","122,165","125,402","121,151","119,978","125,129","122,416","124,651","121,924","124,859","126,404","128,231","125,339","122,249","124,075","127,161","127,320","119,133","123,594","121,586","121,914","119,967","119,769","131,835","124,614","126,429","121,818","127,378","113,571","131,002","117,865","120,039","114,390","116,731","120,561","128,114","122,278","126,159","124,633","130,020","124,224","117,273","121,139","121,522","118,398","121,767","119,731","124,616","124,429","138,518","131,324","130,810","124,169","123,620","130,278","27,798","28,278","29,147","28,633","29,812","29,147","31,139","29,565","29,402","30,508","29,902","29,759","30,192","31,051","30,922","31,367","32,520","32,012"
2471,"135,167","133,508","121,055","134,139","120,735","129,496","131,622","122,051","131,575","131,743","128,541","130,143","134,041","121,161","132,527","126,220","126,194","129,024","127,741","130,771","126,629","131,749","128,471","128,480","122,110","125,263","121,275","121,147","125,229","122,565","124,580","122,141","124,604","126,441","128,245","125,210","122,580","124,227","127,169","127,384","119,282","123,780","121,769","121,880","120,900","119,692","131,588","124,520","126,386","121,814","127,429","113,184","131,131","117,875","119,800","113,965","116,639","120,257","127,982","122,084","126,104","124,657","129,908","124,282","117,129","121,288","121,602","118,706","121,814","119,916","124,500","124,482","138,675","131,902","130,618","124,131","123,675","131,953","27,814","28,296","29,116","28,676","29,714","29,057","31,002","29,524","29,363","30,494","29,914","29,698","30,157","31,037","30,822","31,396","32,496","32,096"
2491,"134,533","134,171","121,157","134,147","120,704","129,745","131,612","122,124","131,312","131,857","127,929","129,996","133,378","120,763","132,712","127,402","126,012","128,869","127,975","130,629","126,637","131,902","128,512","128,280","121,655","125,188","121,235","121,869","124,796","122,337","124,455","121,884","124,627","126,327","128,678","124,957","122,120","124,157","126,939","127,200","119,196","123,441","121,539","121,629","121,545","119,831","131,549","123,933","126,239","121,600","127,349","113,016","130,767","117,798","119,792","113,669","116,443","120,420","127,922","121,878","125,847","124,510","129,494","124,092","116,775","121,149","121,327","118,302","121,782","119,535","124,375","124,427","138,139","132,594","130,518","123,886","123,288","131,469","27,594","28,076","28,827","28,555","29,702","28,959","31,327","29,529","29,341","30,276","29,582","29,469","30,004","30,667","30,794","31,145","32,337","31,786"
2511,"135,761","134,620","121,098","133,925","120,247","129,984","131,300","123,049","130,996","131,657","128,222","130,373","133,084","120,784","132,704","127,067","126,229","128,286","128,616","130,571","128,637","131,561","128,427","128,043","121,690","125,076","120,855","123,063","124,825","121,986","124,331","121,851","124,376","126,255","129,269","125,122","121,990","124,082","127,135","127,118","118,890","123,355","121,575","121,596","122,453","119,498","131,222","123,982","125,863","121,476","127,380","112,653","130,653","117,382","119,575","113,482","115,949","120,439","127,794","122,020","125,643","124,435","129,418","123,827","116,478","121,071","120,937","118,206","121,459","119,449","124,143","124,253","138,002","133,255","130,478","123,888","123,382","131,482","27,663","28,063","28,920","28,492","29,629","28,949","31,273","29,465","29,384","30,361","29,525","29,500","30,014","30,659","30,792","31,108","32,371","31,769"
2531,"134,776","135,098","121,945","134,029","120,271","130,359","131,063","122,233","131,090","130,965","128,147","130,037","132,704","120,853","133,076","126,861","126,635","128,629","128,967","130,345","129,478","131,647","128,584","127,961","121,825","125,178","121,004","124,057","124,657","122,259","124,276","121,757","124,114","126,363","129,753","125,037","121,824","123,876","126,992","126,967","118,880","123,290","121,749","121,557","123,649","119,606","131,349","123,886","125,708","121,467","127,086","112,578","130,475","117,635","119,480","112,986","115,945","120,127","127,829","121,865","125,890","124,192","129,492","123,655","116,565","120,824","121,141","118,175","121,437","119,171","124,255","124,196","137,861","134,349","130,520","123,524","123,222","131,016","27,582","28,092","28,914","28,527","29,706","28,886","31,392","29,533","29,363","30,331","29,627","29,455","29,976","30,802","30,702","31,106","32,316","31,798"
2551,"134,841","133,404","119,659","132,088","118,698","129,161","128,788","121,206","129,347","129,629","125,955","128,241","130,751","119,167","132,014","124,975","125,190","127,143","127,729","128,951","128,655","130,116","126,235","126,178","120,729","124,145","119,541","123,912","123,102","120,694","122,488","120,076","122,467","124,210","128,508","123,435","120,696","122,339","125,198","125,249","117,239","121,718","119,776","119,624","122,527","118,035","129,567","122,539","123,835","119,700","125,400","110,478","128,551","115,859","117,994","111,406","114,410","118,729","126,296","120,173","124,349","122,510","127,841","122,167","114,976","119,224","119,198","116,304","119,910","117,820","122,786","122,798","136,071","134,059","128,631","121,959","121,824","129,861","27,482","27,896","28,647","28,359","29,425","28,808","31,261","29,371","29,129","30,057","29,418","29,339","29,739","30,578","30,557","30,882","32,173","31,588"
2571,"137,861","135,765","121,259","134,027","121,116","131,010","129,945","122,782","130,351","130,475","127,690","130,000","132,227","120,447","133,369","126,486","126,245","128,622","129,427","130,596","130,427","131,763","127,900","127,916","121,880","125,231","121,080","127,286","124,704","122,022","123,931","121,751","124,016","126,016","130,453","125,053","121,733","123,786","126,771","126,765","118,920","123,149","121,486","121,420","125,516","119,637","131,057","124,055","125,669","121,220","127,261","111,912","130,194","118,127","119,220","112,345","115,600","120,055","127,610","121,680","125,418","124,302","128,945","123,514","116,225","120,906","120,796","117,790","121,186","118,914","124,367","124,125","136,990","136,000","130,259","123,329","122,949","132,753","27,720","28,155","28,929","28,569","29,567","28,965","31,394","29,563","29,369","30,373","29,612","29,504","30,075","30,822","30,822","31,198","32,455","31,849"
2591,"138,143","136,080","120,933","133,729","121,045","130,571","129,620","124,455","130,541","130,192","127,418","129,943","132,292","120,645","133,078","126,698","125,988","128,904","129,408","130,306","130,969","131,751","127,571","128,031","121,837","125,078","120,745","128,527","124,820","121,833","123,773","121,173","123,537","125,935","130,543","124,831","121,590","123,590","126,751","126,639","118,880","123,069","121,194","121,143","126,988","119,476","131,010","123,916","125,257","121,196","126,951","111,682","129,900","117,420","118,945","111,892","115,661","119,949","127,661","121,724","125,643","124,090","129,022","123,343","116,020","120,808","120,518","117,490","121,231","118,876","124,320","124,137","136,557","136,825","130,163","123,208","122,865","132,592","27,624","28,084","28,906","28,429","29,571","28,965","31,418","29,520","29,310","30,243","29,724","29,471","30,006","30,816","30,675","31,192","32,247","31,841"
2611,"138,551","135,714","121,614","133,649","120,943","130,253","128,925","122,835","130,210","130,192","127,639","129,963","132,449","120,451","133,110","127,173","126,190","128,602","129,333","130,139","131,759","131,963","127,112","127,682","121,647","125,171","120,933","130,041","124,737","121,859","123,504","121,592","123,425","125,988","131,431","124,869","121,424","123,749","126,596","126,598","118,637","122,776","121,233","121,612","127,882","119,337","131,155","124,655","125,480","120,929","126,047","111,557","129,878","116,963","119,143","111,876","115,204","119,825","127,527","121,463","125,669","124,110","128,765","123,333","115,957","120,720","120,453","117,327","121,149","118,980","124,245","124,045","136,647","137,092","130,029","123,061","123,002","132,598","27,704","28,147","29,020","28,671","29,765","28,996","31,441","29,580","29,324","30,312","29,639","29,561","30,037","30,794","30,859","31,192","32,373","31,955"
2631,"138,835","135,402","121,124","133,725","122,065","129,782","128,847","122,429","130,204","129,431","127,527","129,835","132,157","120,376","133,084","127,671","125,678","128,798","129,516","130,320","131,759","131,600","126,771","127,559","121,790","125,227","120,871","130,914","124,333","121,759","123,602","121,278","123,427","125,951","131,555","124,851","121,222","123,553","126,429","126,180","118,733","123,010","121,320","121,392","128,867","119,251","131,047","124,237","125,151","120,931","125,051","111,196","129,637","116,659","118,939","111,582","115,173","119,761","127,373","121,406","125,363","123,837","128,971","122,955","116,010","120,590","120,137","117,318","121,147","118,624","124,141","124,159","136,275","136,802","129,765","122,900","122,590","132,541","27,637","28,151","28,982","28,567","29,616","29,045","31,345","29,504","29,225","30,304","29,614","29,631","30,029","30,818","30,812","31,133","32,316","31,833"
2651,"139,035","135,145","121,504","133,763","121,027","129,578","128,449","123,067","130,131","129,124","127,357","129,959","132,271","120,512","132,624","127,737","126,071","129,084","131,033","130,255","132,151","131,849","126,835","127,725","121,649","125,106","120,802","131,408","124,000","121,684","123,359","121,159","123,086","125,231","131,396","124,682","121,290","123,433","126,437","125,961","118,443","122,843","120,939","121,435","128,810","119,227","130,884","125,008","125,073","120,792","124,059","111,037","129,622","116,802","119,024","111,143","114,869","119,851","127,549","121,275","125,369","123,863","128,725","123,153","115,747","120,520","120,224","117,151","120,865","118,553","123,878","123,790","136,382","137,022","129,800","122,816","122,625","132,824","27,678","28,031","28,863","28,494","29,563","28,931","31,525","29,698","29,422","30,302","29,633","29,490","30,047","30,729","30,718","31,104","32,273","31,827"
2671,"137,449","133,151","119,980","132,098","119,455","127,565","126,704","122,624","128,639","127,694","125,612","128,529","130,406","118,606","131,349","126,392","124,524","127,912","129,198","128,531","130,975","130,327","125,141","125,814","120,418","123,833","119,249","130,406","122,669","120,506","121,790","119,825","121,741","124,143","129,802","123,031","120,045","122,020","124,827","124,429","116,725","121,396","119,398","119,855","127,016","117,775","129,239","123,455","123,175","119,275","122,694","109,520","127,835","115,161","117,253","109,765","113,402","118,233","125,965","119,822","123,965","120,980","127,267","121,620","113,947","119,016","118,659","115,582","119,457","117,041","122,369","122,449","134,598","135,082","128,276","121,341","121,267","131,029","27,471","27,939","28,837","28,335","29,561","28,833","31,331","29,412","29,284","30,261","29,416","29,433","29,927","30,690","30,608","30,965","32,153","31,629"
2691,"139,243","134,541","121,422","133,553","121,110","128,969","128,110","124,402","130,067","128,633","127,300","129,855","132,039","120,306","132,216","128,320","124,927","129,637","130,484","130,071","132,986","131,747","126,808","127,625","121,484","125,125","120,596","132,949","124,159","121,584","123,331","120,890","122,863","125,788","130,822","124,592","121,125","123,039","126,525","125,722","118,086","122,445","120,757","121,255","128,382","119,004","130,925","124,959","124,888","120,657","124,531","110,465","129,343","116,376","118,616","110,882","114,692","119,594","127,806","121,304","125,312","121,394","128,639","122,841","115,475","120,167","120,055","116,894","120,884","118,331","123,849","123,929","135,692","136,420","129,567","122,412","122,565","132,645","27,649","28,092","28,931","28,490","29,747","29,043","31,394","29,625","29,349","30,284","29,735","29,531","29,941","30,704","30,747","31,157","32,418","31,749"
2711,"138,894","134,376","122,443","133,245","120,955","128,725","128,075","123,016","129,820","128,710","127,120","130,122","131,996","120,222","132,178","128,306","125,718","130,022","130,394","130,135","132,975","131,612","126,335","127,525","121,494","125,010","120,275","133,265","123,996","121,429","123,327","120,849","122,922","125,455","130,314","124,463","121,057","123,035","126,271","125,971","117,851","122,706","120,982","121,147","128,008","118,849","130,841","124,606","124,669","120,310","124,394","110,606","129,241","116,369","118,520","110,480","114,455","119,514","127,531","120,916","124,998","121,494","128,275","122,433","115,104","120,151","119,945","116,692","120,980","118,210","123,741","123,563","135,537","136,229","129,724","122,151","122,300","132,892","27,594","28,143","28,875","28,490","29,669","29,002","31,471","29,518","29,306","30,337","29,620","29,412","29,957","30,873","30,798","31,161","32,347","31,876"
2731,"138,498","134,139","121,663","133,716","121,110","128,582","127,853","122,916","129,912","128,275","127,235","129,976","132,014","120,373","132,120","128,845","124,445","130,257","130,078","129,967","132,912","131,382","125,775","127,647","121,433","124,818","120,414","133,176","123,835","121,449","123,063","120,933","122,567","125,561","130,300","124,508","121,012","122,992","126,071","126,004","117,920","122,341","120,629","121,122","127,435","119,129","130,767","124,778","124,359","120,425","124,663","110,478","129,267","116,504","118,280","110,222","114,339","119,341","127,237","120,663","124,982","121,657","128,318","122,565","114,951","120,255","119,878","116,476","120,682","118,178","123,594","123,602","135,616","136,063","129,188","122,178","122,245","133,178","27,608","28,098","28,931","28,531","29,780","28,933","31,431","29,571","29,386","30,294","29,578","29,494","30,041","30,863","30,767","31,218","32,437","31,847"
"2751,25","138,104","133,825","122,510","133,641","122,735","128,457","127,888","123,612","129,967","128,404","127,171","129,875","131,400","120,251","132,127","129,533","125,206","131,025","130,214","130,029","133,057","131,422","126,182","127,633","121,369","124,673","120,663","133,116","123,965","121,561","123,110","120,663","122,733","125,618","130,100","124,324","120,937","122,996","126,300","125,714","117,910","122,655","120,710","121,043","127,402","119,067","130,676","125,690","124,412","120,400","125,227","110,204","128,855","116,518","118,629","110,263","114,365","119,527","127,359","121,012","125,125","121,571","128,359","122,384","115,210","119,918","119,567","116,782","120,741","117,986","123,473","123,678","135,529","135,857","129,467","122,135","122,343","133,198","27,571","28,167","29,022","28,569","29,739","29,053","31,551","29,614","29,488","30,329","29,731","29,502","30,104","30,696","30,800","31,194","32,443","31,849"
2771,"135,541","132,267","120,894","131,700","120,402","126,747","126,218","124,359","128,265","126,706","125,484","128,665","129,610","118,529","130,551","127,788","124,239","129,457","128,104","128,169","130,763","129,816","123,902","126,176","119,931","123,398","119,108","131,396","122,151","120,224","121,547","118,924","121,184","123,994","128,286","122,614","119,565","121,112","124,327","123,733","116,206","120,802","118,882","119,478","125,169","117,422","129,198","124,312","122,659","118,302","124,037","108,578","127,163","114,584","116,867","108,486","112,616","117,543","126,171","119,449","123,420","120,514","126,845","120,976","113,335","118,590","118,067","114,933","119,498","116,641","122,104","122,043","133,973","134,592","127,549","120,831","120,680","131,163","27,404","27,833","28,802","28,429","29,582","28,835","31,229","29,412","29,173","30,153","29,359","29,400","29,853","30,624","30,486","30,996","32,135","31,567"
2791,"136,435","133,606","121,775","133,276","121,286","128,106","127,769","123,037","129,814","127,994","126,404","130,078","130,959","120,100","131,924","129,247","125,524","130,908","129,925","130,014","132,610","131,198","125,441","127,347","121,257","124,775","120,408","132,669","123,800","121,331","122,833","120,745","122,557","125,625","129,284","124,004","120,884","122,865","126,157","125,514","117,618","122,337","120,288","121,018","126,435","118,714","130,700","125,696","124,376","120,208","126,316","110,237","129,014","116,196","118,204","109,643","113,939","119,237","127,078","120,506","124,886","121,910","128,271","122,053","114,725","119,769","119,684","116,243","120,318","117,790","123,129","123,598","135,478","135,294","129,198","121,904","122,224","133,043","27,755","28,202","28,884","28,590","29,651","29,059","31,298","29,425","29,276","30,408","29,559","29,490","30,022","30,729","30,998","31,408","32,353","31,884"
