File_Type,GStdDev
File_Version,1
GP,
MTP_Type,96Wells_Square
MTP_Wells_X,12
MTP_Wells_Y,8
Timestamp,20210208_132706
MTP,8
Plate-ID,

Time (min),A1,A2,A3,A4,A5,A6,A7,A8,A9,A10,A11,A12,B1,B2,B3,B4,B5,B6,B7,B8,B9,B10,B11,B12,C1,C2,C3,C4,C5,C6,C7,C8,C9,C10,C11,C12,D1,D2,D3,D4,D5,D6,D7,D8,D9,D10,D11,D12,E1,E2,E3,E4,E5,E6,E7,E8,E9,E10,E11,E12,F1,F2,F3,F4,F5,F6,F7,F8,F9,F10,F11,F12,G1,G2,G3,G4,G5,G6,G7,G8,G9,G10,G11,G12,H1,H2,H3,H4,H5,H6,H7,H8,H9,H10,H11,H12
0,"3,070","2,889","4,419","2,476","2,112","2,626","3,961","3,532","2,907","2,299","2,341","2,663","3,437","2,917","3,365","2,892","3,291","4,402","3,905","4,638","1,882","2,540","3,304","2,930","3,342","2,745","2,705","2,640","2,719","3,156","4,185","1,706","2,401","3,787","1,811","2,396","3,202","3,215","1,884","3,590","2,660","3,225","2,955","2,807","3,623","3,225","2,790","3,632","4,855","2,179","2,803","2,879","3,993","4,846","3,455","4,050","2,502","3,001","2,802","3,595","3,373","4,225","2,238","3,690","1,982","4,117","2,586","2,513","2,227","1,983","2,959","1,989","2,393","3,874","3,504","3,624","2,204","2,328","2,596","1,596","2,250","2,625","2,439","4,554","1,802","2,613","3,542","2,990","3,910","3,280","3,469","2,462","2,223","1,437","1,876","1,719"
20,"1,970","2,381","2,563","1,569","1,739","2,675","2,426","2,060","1,974","2,295","1,986","1,987","2,039","1,740","2,237","2,208","2,503","3,032","2,863","2,928","1,689","2,462","2,824","2,596","2,076","2,058","2,737","1,721","2,828","2,803","2,774","1,840","2,987","2,315","1,631","2,262","2,484","1,952","2,242","2,020","2,388","2,751","1,958","2,084","1,400","1,429","2,148","2,233","2,021","1,948","2,167","2,678","2,931","4,577","2,400","3,522","1,783","2,829","2,999","2,300","3,187","2,247","2,481","2,969","2,018","2,758","1,836","1,932","1,558","1,919","2,156","1,993","1,988","3,274","2,558","2,589","2,320","2,855","2,420","1,444","1,412","1,597","1,624","4,631","1,857","2,467","2,651","2,550","3,694","3,192","2,530","2,016","2,029","1,299","1,636","1,183"
40,"2,057","2,044","2,817","1,768","1,793","2,450","2,634","1,783","1,994","2,483","2,048","2,156","2,065","1,849","2,228","2,255","2,447","2,986","2,987","3,364","1,725","2,365","2,374","2,665","1,963","2,167","2,833","1,527","2,227","2,864","2,691","1,731","2,122","2,047","1,764","2,226","2,346","1,740","2,125","2,038","2,329","3,881","2,090","1,812","1,558","1,629","2,122","2,095","1,852","1,729","2,027","2,537","2,668","4,754","2,628","3,687","1,708","1,882","2,523","2,288","2,721","2,219","2,440","2,749","1,866","2,753","1,792","2,006","1,526","1,527","1,875","1,833","1,806","3,050","2,217","2,423","2,173","2,225","2,306","1,466","1,412","1,413","1,518","4,336","1,764","2,486","2,322","2,105","3,734","3,326","2,597","2,020","1,805","1,278","1,505","1,156"
60,"2,054","2,038","2,849","1,671","1,766","2,299","1,929","1,787","2,092","2,068","1,906","1,945","2,024","1,689","2,089","2,290","2,314","2,909","2,882","3,106","1,720","2,222","2,448","2,686","1,982","2,057","2,788","1,531","2,049","2,618","2,434","1,805","2,290","2,066","1,683","2,155","2,373","1,779","1,878","1,777","2,101","2,932","1,850","1,725","1,323","1,582","1,990","2,088","1,770","1,637","1,970","2,367","2,525","4,350","2,226","1,992","1,580","1,502","2,201","2,286","2,811","2,192","2,354","2,986","1,941","2,693","1,804","2,040","1,476","1,547","1,883","1,864","1,785","2,955","2,220","2,326","2,094","2,211","2,156","1,430","1,334","1,436","1,475","4,074","1,609","2,468","2,278","2,010","3,708","3,238","2,620","1,949","1,732","1,209","1,651","1,183"
80,"2,111","2,137","2,395","1,912","1,844","2,303","1,943","1,724","1,938","2,354","2,048","1,967","2,150","1,780","1,918","2,281","2,343","2,945","2,864","3,086","1,652","2,252","2,253","2,773","2,087","2,116","3,013","1,491","1,981","2,636","2,496","1,695","1,999","1,955","1,758","2,175","2,428","1,735","1,966","1,868","2,256","2,560","1,749","1,804","1,221","1,586","2,127","2,137","1,959","1,749","2,017","2,670","2,480","3,753","1,954","1,920","1,521","1,436","2,246","2,226","2,804","2,289","2,461","2,993","1,961","2,711","1,735","2,126","1,571","1,476","1,911","1,869","1,954","3,104","2,182","2,379","2,072","2,072","2,333","1,438","1,433","1,456","1,538","4,408","1,719","2,540","2,414","2,062","3,877","3,350","2,541","2,016","1,818","1,273","1,522","1,225"
100,"2,013","2,052","2,406","1,951","1,745","2,432","1,987","1,745","1,930","2,067","2,182","2,130","2,104","1,867","1,802","2,290","2,463","2,956","2,909","3,024","1,602","2,222","2,098","2,929","2,025","2,139","2,675","1,530","2,024","2,573","2,318","1,803","1,890","1,915","1,873","2,292","2,458","1,849","1,872","1,840","2,237","3,204","1,767","2,006","1,115","1,567","2,203","2,099","1,996","1,721","2,077","2,572","2,530","3,705","1,876","1,979","1,561","1,514","2,182","2,319","2,802","2,218","2,447","2,828","1,990","2,608","1,835","1,846","1,532","1,512","2,016","1,937","2,004","3,158","2,203","2,380","2,085","2,167","2,251","1,403","1,412","1,507","1,610","4,439","1,744","2,628","2,431","2,659","3,820","3,417","2,530","2,056","1,817","1,305","1,501","1,272"
120,"2,114","2,146","2,298","1,922","1,774","2,258","1,871","1,766","1,874","2,064","2,321","2,256","2,098","2,005","1,859","2,417","2,432","3,010","2,829","2,936","1,606","2,418","2,258","3,233","2,107","2,088","2,670","1,634","2,014","2,577","2,353","1,755","1,935","1,927","1,876","2,317","2,490","1,792","1,854","1,778","2,198","2,490","1,780","1,803","1,116","1,608","2,155","2,062","2,022","1,716","2,075","2,791","2,413","3,639","1,765","2,027","1,611","1,484","2,334","2,250","2,874","2,145","2,566","3,023","1,868","2,687","1,825","1,889","1,617","1,543","1,968","1,868","1,985","3,027","2,232","2,387","2,164","2,131","2,327","1,337","1,393","1,572","1,640","4,432","1,811","2,511","2,477","2,256","3,733","3,399","2,671","1,955","1,704","1,319","1,425","1,241"
140,"2,122","2,139","2,383","2,240","1,733","2,306","1,864","1,774","1,868","2,167","2,436","2,526","2,248","2,143","2,002","2,510","2,543","3,205","2,987","2,813","1,554","2,343","2,280","3,228","2,168","2,110","3,132","1,573","1,915","2,657","2,297","1,723","2,047","2,028","2,119","2,335","2,467","1,839","1,967","1,926","2,160","2,441","1,789","1,855","1,145","1,662","2,305","2,112","2,104","1,747","2,097","2,904","2,548","4,039","1,787","1,970","1,546","1,488","2,273","2,105","3,019","2,263","2,630","3,031","2,034","2,594","1,933","1,943","1,565","1,662","2,043","1,927","2,015","3,155","2,248","2,514","2,147","2,130","2,361","1,320","1,360","1,524","1,864","4,514","1,953","2,460","2,465","2,255","3,986","3,424","2,870","1,971","1,824","1,394","1,522","1,388"
160,"2,055","2,076","2,373","2,133","1,835","2,201","1,812","1,887","1,947","2,110","2,529","2,682","2,162","2,146","1,978","2,489","2,470","3,203","2,878","2,804","1,588","2,437","2,319","3,496","2,319","2,211","3,010","1,669","1,910","2,572","2,364","1,747","2,017","2,156","2,297","2,567","2,591","1,855","1,890","2,082","2,175","2,449","1,714","2,074","1,257","1,687","2,373","2,188","2,051","1,830","1,988","2,976","2,586","3,881","1,816","1,384","1,755","1,543","2,393","2,202","2,988","2,218","2,530","2,941","2,079","2,709","1,872","1,942","1,592","1,680","2,086","2,038","2,032","3,188","2,380","2,641","2,147","2,161","2,476","1,295","1,361","1,655","1,994","4,564","2,176","2,667","2,547","2,265","4,029","3,480","2,931","2,081","1,842","1,486","1,510","1,450"
180,"2,068","2,188","2,410","2,342","1,898","2,427","1,913","2,082","2,181","2,128","2,700","2,890","2,269","2,182","2,037","2,465","2,630","3,513","2,970","2,880","1,568","2,531","2,592","3,747","2,369","2,251","3,356","1,609","1,925","2,622","2,361","1,631","2,037","2,166","2,566","2,756","2,663","1,860","1,982","2,145","2,254","2,487","1,770","1,982","1,356","1,823","2,729","2,425","2,015","1,780","2,059","2,835","2,720","3,955","1,862","1,383","1,508","1,509","2,387","2,335","2,973","2,263","2,502","3,046","2,085","2,640","1,833","1,976","1,567","1,704","2,293","2,175","2,020","3,170","2,368","2,868","2,127","2,176","2,542","1,356","1,409","1,752","2,072","4,737","2,217","2,741","2,619","2,357","3,982","3,528","2,995","2,160","1,811","1,703","1,552","1,520"
200,"2,319","2,185","2,529","2,517","2,274","2,559","1,937","2,104","2,289","2,258","2,791","3,167","2,367","2,323","2,220","2,590","2,915","3,344","3,057","3,031","1,662","2,617","2,738","3,875","2,496","2,246","2,699","1,723","1,912","2,401","2,437","1,848","1,975","2,478","2,747","2,991","2,793","1,911","2,221","2,361","2,374","2,307","1,804","2,094","1,501","1,953","2,756","2,531","1,938","1,775","2,141","2,776","2,760","3,877","1,773","1,343","1,506","1,568","2,523","2,405","2,960","2,227","2,527","3,153","2,186","2,680","1,890","1,961","1,637","1,768","2,234","2,481","2,070","3,297","2,305","2,986","2,258","2,259","2,561","1,454","1,399","2,027","2,373","4,952","2,283","2,847","2,613","2,269","4,034","3,784","2,990","2,227","2,089","1,763","1,594","1,816"
220,"2,388","2,141","2,441","3,024","2,665","2,678","2,195","2,342","2,613","2,308","2,432","3,289","2,448","2,701","2,237","2,655","2,904","3,582","3,036","3,009","1,608","2,696","3,010","3,795","2,492","2,242","3,219","1,790","2,000","2,532","2,445","1,953","1,901","2,766","2,917","3,060","2,871","2,015","2,340","2,278","2,498","2,410","1,802","2,221","1,633","2,061","2,825","2,667","1,956","1,713","1,977","2,580","2,659","3,944","1,934","1,360","1,621","1,537","2,797","2,716","2,889","2,199","2,435","3,166","2,166","2,575","1,869","2,031","1,569","1,872","2,164","2,792","2,031","3,401","2,459","2,988","2,227","2,294","2,501","1,425","1,439","2,083","2,561","5,050","2,262","2,704","2,859","2,392","4,133","3,919","3,221","2,270","2,044","2,064","1,582","2,005"
240,"2,507","2,305","2,909","3,084","2,806","2,628","2,647","2,513","2,969","2,459","2,754","3,322","2,891","3,005","2,577","3,049","3,492","3,936","3,032","3,518","1,544","2,973","3,136","3,781","2,622","2,589","3,787","1,781","2,132","2,803","2,588","2,733","2,023","2,971","3,283","3,256","3,202","2,195","2,627","2,517","2,622","2,549","1,844","2,423","1,864","2,328","3,166","2,845","2,123","1,733","2,082","3,009","2,695","4,036","1,958","1,379","1,712","1,652","2,783","3,297","3,303","2,226","2,509","3,803","2,359","2,660","2,059","2,166","1,698","2,077","2,219","3,198","2,265","3,796","2,571","3,401","2,320","2,476","2,958","1,631","1,598","2,457","2,653","5,039","2,229","2,731","3,255","2,700","4,176","4,520","3,642","2,435","2,254","2,403","1,704","2,272"
260,"2,618","2,602","3,136","3,133","2,869","2,707","3,053","2,897","3,103","2,814","2,786","2,850","3,069","3,333","2,720","3,266","3,643","3,721","3,183","3,747","1,532","3,172","3,359","3,460","2,677","2,755","3,659","1,844","2,465","2,813","2,817","2,871","2,189","3,023","3,101","3,401","3,360","2,214","2,715","2,902","2,802","2,629","1,947","2,485","2,041","2,511","3,188","2,722","2,153","1,824","2,079","3,104","2,752","4,176","2,259","1,463","1,770","1,854","2,762","3,412","3,568","2,181","2,654","3,889","2,689","2,844","2,136","2,235","1,801","2,434","2,248","3,314","2,502","4,098","2,556","3,507","2,366","2,479","3,110","2,082","1,948","2,778","2,596","4,908","2,561","2,800","3,463","3,375","4,564","4,526","3,691","2,674","2,388","2,519","1,866","2,332"
280,"2,809","2,776","3,221","3,003","3,395","3,221","3,270","2,971","3,047","3,242","2,673","2,723","3,280","3,164","3,130","3,437","4,015","3,713","3,389","3,617","1,593","3,477","3,665","3,388","2,966","3,058","3,479","2,037","2,674","2,938","3,180","2,676","2,069","3,508","3,212","3,358","3,615","2,226","2,940","3,040","3,003","2,914","2,185","2,404","2,244","2,644","3,295","3,107","2,061","1,923","2,026","3,035","2,944","4,264","2,457","1,565","1,836","1,957","3,391","3,674","3,733","2,210","2,519","4,083","2,924","2,893","2,424","2,203","1,846","2,294","2,410","3,503","2,835","4,230","2,849","3,777","2,538","2,591","3,308","2,343","2,182","2,963","2,958","4,578","2,902","2,976","3,619","3,365","4,824","4,590","3,853","2,865","2,888","2,861","2,107","2,354"
300,"3,171","2,935","3,088","2,883","3,178","3,335","3,517","2,703","3,118","3,398","2,725","2,704","3,600","3,055","3,021","3,698","3,843","3,662","3,728","3,314","1,523","3,633","3,283","3,224","3,334","3,175","3,392","2,151","2,832","3,134","3,491","2,938","2,433","3,551","3,208","3,371","3,916","2,423","3,270","3,178","3,086","2,943","2,396","2,574","2,250","2,618","3,258","3,402","2,184","1,914","2,104","3,163","3,277","4,481","2,542","1,814","1,827","2,148","3,556","3,515","3,924","2,282","2,501","4,021","3,059","3,270","2,458","2,383","1,901","2,632","2,541","3,227","3,219","4,365","3,168","3,728","2,621","2,647","3,519","2,461","2,385","2,599","2,923","4,372","3,093","3,083","3,924","3,408","4,828","4,799","3,996","2,956","2,918","2,881","2,094","2,484"
320,"2,862","3,160","3,068","2,680","2,976","3,003","3,215","2,728","3,079","3,274","2,783","2,496","3,677","3,088","3,056","3,566","3,995","3,478","3,856","3,174","1,734","3,371","3,199","3,056","3,757","3,110","3,336","2,255","3,070","2,851","3,699","3,162","2,921","3,113","3,138","3,311","4,144","2,907","3,346","3,277","3,216","3,079","2,638","3,217","2,260","2,677","3,161","3,318","2,348","1,997","2,067","3,151","3,554","4,597","2,833","2,261","2,059","2,367","3,593","3,067","4,182","2,325","2,455","3,948","3,108","3,424","2,589","2,882","2,556","2,787","3,042","3,173","3,382","4,416","3,268","3,687","2,918","3,094","3,531","2,650","2,698","2,506","2,720","4,066","2,899","2,963","3,672","3,528","4,811","4,654","4,055","3,355","2,810","2,422","2,054","2,248"
340,"3,012","2,973","2,910","2,396","3,177","2,742","2,910","2,852","2,889","3,122","2,400","2,324","3,711","2,941","2,947","3,741","3,571","3,232","4,092","3,262","1,856","3,419","3,006","2,783","3,651","3,158","3,156","2,686","3,121","2,971","3,802","2,952","3,019","3,184","2,986","3,201","3,927","2,992","3,295","3,177","3,142","3,191","2,701","2,772","2,603","2,559","2,895","3,301","2,493","2,049","2,031","3,286","3,461","4,554","2,944","2,253","1,976","2,592","3,692","2,973","4,120","2,609","2,518","3,773","2,940","3,595","3,019","3,017","2,770","2,676","3,476","3,056","3,370","4,271","3,314","3,715","3,206","3,367","3,764","2,965","2,742","2,780","2,679","3,992","2,748","2,848","3,565","3,109","4,646","4,325","3,659","3,396","2,737","2,325","1,905","2,597"
360,"2,878","3,129","2,593","2,439","2,706","3,106","3,206","2,716","2,730","3,085","2,268","2,282","3,581","2,953","3,002","3,426","3,599","3,080","3,977","3,275","2,264","3,283","3,306","2,301","3,589","3,098","3,227","2,780","3,371","2,815","3,955","2,739","3,226","2,922","2,899","3,254","4,083","3,381","3,413","3,167","3,006","3,191","3,236","3,020","2,785","2,584","2,681","3,116","2,829","2,257","2,109","3,545","3,717","4,868","3,318","2,402","2,294","2,789","3,275","3,230","3,919","2,873","2,710","3,811","2,971","3,543","2,938","3,112","2,451","2,599","3,511","3,344","3,437","4,154","3,385","3,647","3,241","3,603","3,690","2,740","2,656","2,751","2,381","4,429","2,733","2,947","3,345","3,193","4,502","4,123","3,210","3,514","2,607","2,276","1,950","2,660"
380,"2,846","3,001","2,476","1,862","2,738","2,670","3,079","2,661","2,759","3,210","2,065","2,501","3,497","2,629","2,876","3,495","3,617","2,942","3,861","2,912","2,679","3,193","3,026","2,220","3,637","2,992","2,952","3,116","3,126","2,934","3,993","2,907","3,042","2,404","2,549","3,359","3,913","3,440","3,352","2,928","2,954","3,135","3,097","3,023","2,661","2,548","2,751","2,928","2,948","2,740","2,160","3,727","4,180","4,362","3,336","2,578","2,806","2,900","2,625","3,167","3,861","3,267","2,635","3,696","2,875","3,571","3,032","3,352","2,544","2,480","3,506","3,174","3,419","4,089","3,182","3,460","3,459","3,711","3,684","2,690","3,010","2,665","2,019","4,210","2,733","2,776","3,184","2,742","4,385","3,907","3,311","3,371","2,581","2,144","1,874","2,219"
400,"2,479","2,566","2,098","2,145","2,755","2,433","2,921","2,434","2,575","3,036","2,105","2,052","3,348","2,343","2,865","3,316","3,464","2,902","3,567","2,792","2,634","2,929","2,770","2,412","3,590","2,790","2,879","3,076","3,088","2,601","3,956","2,582","2,736","2,418","2,700","3,294","3,974","3,343","3,165","2,664","2,733","3,128","3,129","2,756","2,223","2,183","2,670","2,528","3,519","2,909","2,292","3,792","3,865","4,472","3,256","3,062","2,837","2,944","2,751","3,012","3,426","3,564","2,939","3,439","2,636","3,544","2,983","2,973","2,927","2,150","3,187","3,152","3,224","3,963","3,275","3,332","3,399","3,723","3,883","2,892","3,054","2,575","2,190","3,855","2,584","2,730","2,956","2,931","4,287","3,507","3,214","3,377","2,236","1,975","1,815","1,981"
420,"2,682","2,760","1,959","1,758","2,425","2,727","2,640","2,256","2,560","3,174","1,945","1,857","2,948","2,338","2,817","3,248","3,322","2,655","3,722","2,932","2,817","2,824","2,722","1,956","3,330","2,705","2,448","2,865","3,105","2,561","3,957","2,519","2,569","2,173","2,336","3,211","3,824","3,299","3,044","2,610","2,648","3,159","3,152","2,928","2,432","1,899","2,490","2,463","3,836","3,248","2,297","3,918","3,851","4,438","3,325","3,003","2,629","2,856","3,014","3,039","3,278","3,492","3,189","3,557","2,508","3,285","2,998","3,154","2,569","2,100","2,933","2,657","3,233","3,760","3,246","3,236","3,506","3,793","3,553","2,463","2,752","2,473","2,111","3,771","2,216","2,890","2,849","2,474","3,807","3,617","3,064","3,266","2,060","1,745","1,759","1,747"
440,"2,412","2,372","2,047","1,667","2,258","2,677","2,404","2,283","2,261","3,059","2,016","1,998","2,789","2,072","2,647","3,369","3,051","2,442","3,357","2,916","2,820","2,600","2,645","1,936","3,104","2,680","2,296","2,874","2,739","2,494","3,652","2,617","2,932","2,039","1,818","3,217","3,715","3,213","2,911","2,559","2,565","3,004","3,038","2,319","2,534","2,102","2,396","2,774","3,687","3,458","2,733","3,849","3,772","4,065","3,287","2,839","2,529","2,986","2,891","2,610","3,168","3,340","3,396","3,075","2,417","3,168","2,879","2,592","2,520","2,241","2,959","2,478","2,973","3,776","2,986","2,936","3,420","3,663","3,598","2,782","2,499","2,392","1,888","3,757","2,163","2,571","2,742","2,369","3,851","3,679","2,363","2,819","2,208","2,004","1,717","1,603"
460,"2,447","2,353","1,524","1,656","2,266","2,514","2,145","2,104","2,222","2,675","2,231","1,782","2,611","2,019","2,556","2,996","2,655","2,511","3,251","2,620","2,648","2,405","2,413","1,648","2,975","2,301","2,355","2,708","2,912","2,591","3,432","2,436","2,801","1,967","1,886","3,098","3,354","3,216","2,793","2,365","2,322","3,065","2,982","2,409","2,321","2,045","2,307","2,565","3,582","3,105","2,785","3,988","3,936","3,931","3,060","3,222","2,853","2,860","2,652","2,472","2,841","3,225","3,697","2,880","2,256","3,001","2,712","2,623","2,643","1,883","2,996","2,604","3,126","3,580","2,705","2,744","3,000","3,690","3,416","2,476","2,780","1,776","1,722","3,398","1,908","2,885","2,418","2,551","3,868","3,099","2,040","2,735","2,134","1,526","2,130","1,591"
480,"1,947","1,922","1,851","1,626","1,703","2,098","2,388","1,904","2,076","2,572","1,892","1,642","2,333","1,967","2,435","2,845","2,533","2,099","3,078","2,364","2,550","2,230","2,330","1,672","2,905","2,222","2,178","2,773","2,691","2,150","3,262","2,165","2,621","1,873","1,695","3,287","3,265","2,989","2,833","1,927","2,190","2,907","2,992","2,521","2,120","1,878","2,104","2,271","3,496","3,369","3,155","3,753","3,435","3,794","2,808","2,939","2,841","2,874","2,306","2,278","2,524","3,180","3,874","2,725","2,004","2,691","2,649","2,870","2,514","1,783","2,977","2,450","2,696","3,539","2,551","2,504","2,949","3,362","3,218","2,300","2,220","1,645","1,668","3,213","2,032","2,375","2,319","2,231","3,516","2,809","2,010","2,897","2,006","1,530","1,650","1,510"
500,"1,661","1,874","1,797","1,645","1,862","2,031","2,292","1,864","1,803","2,420","1,810","2,121","1,955","1,689","2,539","2,682","2,383","2,291","2,849","2,146","2,726","2,136","2,133","1,802","2,615","2,113","1,982","2,610","2,439","2,343","3,398","2,374","2,591","1,760","1,654","3,118","2,932","2,843","2,480","1,886","2,162","2,970","2,561","1,994","1,875","1,682","2,036","2,209","3,451","3,288","3,325","3,726","3,319","3,713","2,979","2,878","2,194","2,489","1,994","2,405","2,398","3,224","3,716","2,427","2,093","2,672","2,533","2,240","1,939","1,627","2,880","2,285","2,514","3,235","2,439","2,327","2,903","3,193","3,106","2,111","2,446","1,837","1,156","3,171","1,825","2,386","2,467","1,996","3,306","2,816","2,011","2,647","1,838","1,433","1,668","1,540"
520,"1,778","1,795","1,778","1,652","1,533","2,053","2,059","1,709","2,078","2,148","1,632","1,581","1,723","1,554","2,251","2,487","2,356","1,925","2,926","2,158","2,833","1,957","1,960","1,741","2,152","1,822","1,792","2,427","2,462","2,028","2,986","2,220","2,589","1,493","1,667","3,019","3,145","2,503","2,601","1,699","1,882","2,813","2,486","2,086","1,997","1,610","1,935","2,098","3,502","3,030","3,352","3,549","3,247","3,548","2,819","2,924","2,281","2,238","1,780","2,434","2,005","2,968","3,625","2,244","1,971","2,431","2,614","2,156","2,169","1,325","2,665","1,764","2,406","3,308","2,239","1,888","2,556","3,169","2,722","2,306","2,000","1,481","1,289","2,984","1,359","2,116","2,022","2,173","3,035","2,698","1,745","2,630","1,749","1,502","1,517","1,488"
540,"1,859","1,641","1,816","1,394","1,831","1,951","1,607","1,722","1,847","1,995","1,793","1,667","1,617","1,378","2,315","2,223","2,340","2,163","2,464","2,380","2,694","1,929","1,866","1,544","2,304","1,920","1,796","2,250","2,140","2,276","2,643","1,732","2,140","1,830","1,535","2,798","2,731","2,603","2,323","1,648","1,838","2,774","2,626","1,768","1,871","1,565","1,643","1,441","3,526","3,045","3,224","3,438","3,136","3,625","2,519","2,801","2,480","2,660","1,867","2,262","1,844","2,798","3,513","2,271","1,888","2,237","2,456","1,940","1,774","1,486","2,576","1,855","2,025","3,398","1,935","1,586","2,479","3,171","2,682","1,660","2,152","1,573","1,444","3,098","1,762","1,999","2,217","1,679","3,191","2,581","1,969","2,677","1,597","1,533","1,681","1,880"
560,"1,559","1,500","1,149","1,526","1,625","1,712","2,049","1,770","1,815","2,362","1,997","1,409","1,656","1,492","2,281","2,395","1,856","1,941","2,569","2,103","2,520","1,903","1,741","1,718","1,917","1,773","1,745","2,276","2,180","1,736","2,562","2,077","2,121","1,707","1,527","2,558","2,598","2,496","2,303","1,651","1,675","2,576","2,537","1,849","1,582","1,517","1,579","1,704","3,254","2,707","3,306","3,291","2,970","3,211","2,491","2,361","2,647","2,619","1,959","2,196","1,734","2,652","3,304","2,194","2,085","2,121","2,215","1,975","1,892","1,544","2,112","1,916","1,960","3,433","1,684","1,682","2,264","3,025","2,816","1,943","2,061","1,554","1,540","3,004","1,644","2,493","1,890","2,014","2,795","2,751","1,902","2,425","1,591","1,262","1,579","1,480"
580,"1,227","1,838","1,690","1,189","1,411","1,869","1,889","1,640","1,810","1,960","1,446","1,451","1,647","1,630","2,135","2,085","2,088","2,147","2,184","1,552","2,449","1,763","1,690","1,642","1,729","1,610","1,689","1,905","1,940","1,849","2,371","1,779","2,172","1,484","1,336","2,719","2,462","2,426","2,188","1,662","1,571","2,557","2,370","1,600","1,631","1,474","1,621","1,572","3,023","2,648","3,229","3,261","2,955","3,226","2,335","2,635","2,394","2,490","1,775","1,683","1,435","2,514","3,040","2,134","1,866","2,149","2,266","1,534","1,837","1,440","1,943","1,838","1,796","3,085","1,592","1,806","2,255","2,768","2,324","1,597","1,740","1,493","1,494","2,816","1,388","2,175","2,117","1,610","2,673","2,442","1,939","2,272","1,591","1,363","1,616","1,388"
600,"1,452","1,306","1,407","1,662","1,593","1,878","1,806","1,524","2,307","1,956","1,607","1,445","1,608","1,245","2,096","1,869","1,802","1,914","2,177","2,025","2,170","1,581","1,643","1,313","1,641","1,769","1,812","1,716","1,507","1,837","2,192","1,563","1,910","1,273","1,401","2,851","2,634","2,198","2,242","1,726","1,739","2,574","2,515","1,456","1,635","1,137","1,566","1,593","2,896","2,496","2,972","3,045","2,763","2,976","2,015","3,042","2,416","2,479","1,798","1,846","1,819","2,250","2,933","2,046","1,630","1,728","2,132","1,608","1,347","1,345","2,145","1,863","1,668","2,853","1,576","1,728","2,348","2,453","2,459","1,569","1,462","1,460","1,377","2,491","1,662","2,204","1,986","1,882","2,862","2,368","1,880","2,372","1,643","1,692","1,612","1,369"
620,"1,555","1,866","1,471","1,355","1,489","1,940","1,804","1,573","2,321","1,929","1,703","1,279","1,491","1,546","1,871","1,917","2,017","1,868","2,166","1,925","1,855","1,606","1,599","0,996","1,639","1,652","1,254","1,542","1,722","1,601","2,039","1,632","1,921","1,007","1,428","2,768","2,414","1,975","1,793","1,513","1,441","2,490","1,920","1,691","1,539","1,252","1,523","1,621","2,816","2,180","2,793","3,156","2,494","2,753","1,974","2,594","2,051","2,568","1,722","1,788","1,736","2,089","2,660","1,925","1,569","1,918","1,754","1,550","1,559","1,318","1,989","1,668","1,909","2,931","1,727","1,907","1,887","2,300","2,583","1,577","1,688","1,247","1,301","2,387","1,209","2,195","2,180","2,037","2,688","2,411","1,551","2,111","1,668","1,632","1,702","1,376"
640,"1,384","1,574","1,275","1,177","1,457","1,619","1,753","1,593","1,738","1,840","1,651","1,550","1,688","1,403","1,907","1,827","1,981","2,127","1,801","1,993","2,153","1,647","1,451","1,382","1,705","1,463","1,556","1,586","1,781","1,903","2,254","1,851","1,742","1,384","1,382","2,548","2,317","1,905","1,752","1,361","1,638","2,235","2,170","1,376","1,409","1,442","1,485","1,581","2,717","2,097","2,832","2,818","2,479","2,592","1,978","2,057","1,799","2,385","1,201","1,690","1,707","1,830","2,461","2,053","1,624","1,964","2,360","1,219","1,592","1,391","1,821","1,357","1,708","3,162","1,841","1,810","1,909","2,212","2,097","1,293","1,549","1,262","1,418","2,727","1,392","2,499","1,947","1,574","2,441","2,945","2,240","1,952","1,537","1,329","1,615","1,345"
660,"1,584","1,321","1,435","1,379","1,482","1,392","1,393","1,505","1,840","1,912","1,590","1,760","1,367","1,316","1,582","1,649","1,435","1,805","2,071","1,823","2,002","1,614","1,510","1,307","1,449","1,534","1,671","1,773","1,417","1,463","2,024","1,722","1,495","1,332","1,158","2,481","2,027","1,907","1,640","1,647","1,775","2,310","1,808","1,344","1,458","1,334","1,600","1,550","2,833","2,033","2,757","2,489","2,255","2,536","1,681","2,184","2,044","2,336","1,641","1,753","1,476","1,926","2,267","2,176","1,732","1,600","1,732","1,587","1,177","1,084","1,767","1,555","1,590","2,680","1,525","1,425","1,674","2,093","2,197","1,440","1,638","1,335","1,016","2,760","1,531","2,116","1,747","1,738","2,505","2,353","2,125","1,867","1,656","1,393","1,517","1,255"
680,"1,453","1,472","1,495","0,983","1,455","1,809","1,542","1,485","1,813","1,867","1,972","1,200","1,538","1,050","1,827","2,033","1,491","2,070","2,078","1,474","1,871","1,716","1,450","1,254","1,487","1,495","1,424","1,339","1,657","1,685","2,129","1,327","1,858","1,423","1,225","2,374","2,040","1,826","1,833","1,397","1,445","2,003","2,038","1,578","1,629","1,208","1,623","1,455","2,566","1,701","2,577","2,266","2,033","2,344","1,835","1,734","1,960","2,332","1,591","1,690","1,599","1,838","2,126","1,738","1,592","1,841","1,798","1,533","1,464","1,022","1,341","1,647","1,260","2,482","1,678","1,676","1,913","1,807","2,378","1,602","1,487","1,439","0,910","2,784","1,680","2,502","2,167","1,781","2,773","2,379","1,996","1,753","1,481","1,355","1,576","1,667"
700,"1,264","1,728","1,341","1,115","1,367","1,863","1,650","1,481","1,793","2,294","2,106","1,347","1,194","1,290","1,840","1,712","1,696","1,885","1,697","1,457","1,651","1,561","1,368","1,335","1,670","1,558","1,372","1,440","1,372","1,698","2,114","1,667","1,751","1,343","0,647","2,109","1,984","1,696","1,568","1,195","1,608","1,996","1,613","1,574","1,534","1,188","1,535","1,002","2,586","1,806","2,395","2,269","1,942","2,560","1,440","1,949","1,675","2,234","1,579","1,449","1,275","1,692","1,775","2,083","1,956","1,577","1,824","1,218","1,462","1,137","1,731","1,585","1,377","2,606","1,617","1,655","1,569","1,786","2,292","1,638","1,313","1,266","1,255","2,781","1,300","2,244","2,198","1,879","2,741","2,832","1,907","1,608","1,533","1,380","1,593","1,278"
720,"1,227","1,116","1,330","1,445","1,421","1,586","1,621","1,506","1,609","1,928","1,744","1,301","1,573","1,076","1,428","1,439","1,379","1,802","1,719","1,814","1,206","1,118","1,418","1,225","1,512","1,324","1,294","1,559","1,739","1,735","1,806","1,744","1,701","1,303","0,887","2,045","1,892","1,539","1,756","1,453","1,636","1,993","1,898","1,176","1,557","1,164","1,480","1,267","2,376","1,713","2,249","2,056","2,057","2,314","1,703","1,952","1,293","2,272","1,351","1,320","1,455","1,765","1,644","1,849","1,460","1,726","1,442","1,410","1,379","1,263","1,732","1,477","1,660","2,503","1,453","1,489","1,929","1,802","1,896","1,359","1,412","1,295","1,142","2,583","1,593","1,941","1,889","1,391","2,455","2,770","1,565","1,577","1,523","1,235","1,987","1,388"
740,"0,996","1,523","1,278","1,400","1,347","1,443","1,508","1,423","1,462","1,746","1,538","1,284","1,472","1,122","1,784","1,598","1,525","1,765","2,007","1,883","1,743","1,357","1,271","1,301","1,350","1,207","1,175","1,270","1,322","1,404","2,268","1,506","1,596","1,292","1,151","1,957","1,623","1,737","1,553","1,470","1,766","1,733","1,956","1,383","0,975","1,129","1,261","1,417","2,285","1,519","2,184","1,927","1,819","2,144","1,548","1,610","1,725","2,171","1,436","1,581","1,219","1,543","1,619","1,654","1,687","1,590","1,851","1,436","0,941","1,231","1,646","1,427","1,435","2,181","1,822","1,447","1,802","1,835","1,778","1,236","1,632","1,240","1,138","2,391","1,217","2,265","1,915","1,617","2,503","2,203","1,860","1,268","1,489","1,232","1,445","1,242"
760,"0,981","1,075","1,301","1,330","1,092","1,284","1,542","1,497","1,583","1,682","1,488","1,174","1,494","1,136","1,451","1,406","1,468","1,865","1,794","1,846","1,642","1,525","1,277","1,282","1,545","1,279","1,137","1,610","1,398","1,300","1,945","1,529","1,599","1,362","0,823","1,870","1,746","1,501","1,799","1,089","1,699","1,998","1,364","1,336","1,272","1,226","1,339","1,293","2,422","1,469","1,929","1,905","1,889","2,317","1,783","1,692","1,726","2,099","1,472","1,451","1,466","1,418","1,881","1,995","1,335","1,557","1,332","1,096","1,046","1,214","1,514","1,430","1,540","2,329","1,546","1,687","2,023","1,793","1,957","1,488","1,407","1,142","1,198","2,432","1,562","1,820","2,196","1,898","2,399","2,508","1,909","1,397","1,516","1,247","1,512","1,192"
780,"1,018","1,162","1,101","1,256","1,132","1,296","1,588","1,492","1,603","1,593","1,473","1,625","1,173","1,035","1,378","1,509","1,230","1,651","1,556","1,917","1,446","1,486","1,298","1,209","1,381","1,093","1,379","1,373","1,144","1,604","1,689","1,547","1,661","1,360","1,188","1,824","1,790","1,642","1,689","1,314","1,349","1,482","1,609","1,203","0,999","1,132","1,174","1,343","1,839","1,252","1,844","1,592","1,952","2,199","1,669","1,724","1,710","2,116","1,307","1,301","1,219","1,608","1,639","1,941","1,289","1,546","1,400","0,976","0,956","1,165","1,399","1,300","1,231","2,274","1,673","1,435","2,090","1,570","1,926","1,392","1,412","1,173","1,161","2,520","1,576","1,955","2,363","1,726","2,306","2,412","1,975","1,446","1,520","1,329","1,365","1,339"
800,"1,127","1,184","1,266","1,235","1,296","1,591","1,070","1,492","1,968","1,650","1,513","1,268","1,325","1,034","1,395","1,203","1,455","1,800","1,739","1,698","1,584","1,499","1,199","1,181","1,202","1,208","1,280","1,595","1,407","1,487","1,902","1,513","1,583","1,416","1,188","1,241","1,584","1,487","1,592","1,001","1,731","1,445","2,027","1,332","1,337","1,212","0,941","1,226","2,024","1,315","1,949","1,690","1,741","2,148","1,245","1,832","1,645","2,160","1,427","1,464","1,409","1,479","1,694","1,812","1,634","1,279","1,680","1,323","1,306","1,179","1,412","1,380","1,207","2,029","1,618","1,356","1,856","1,841","1,987","1,293","1,398","1,247","1,319","2,683","1,337","1,916","1,943","1,606","2,548","2,614","2,014","1,641","1,517","1,294","1,487","1,343"
820,"1,035","1,152","1,153","1,358","1,299","1,440","1,009","1,369","1,847","1,394","1,468","1,266","1,067","1,028","1,485","1,598","1,660","1,502","1,624","1,683","1,635","1,450","1,399","1,181","1,389","1,473","1,468","1,247","1,353","1,625","1,763","1,449","1,218","1,343","1,306","1,584","1,574","1,540","1,255","1,356","1,659","1,532","1,739","1,341","1,217","1,172","1,077","1,096","1,939","1,289","1,713","1,581","1,859","2,226","1,610","1,500","1,659","2,134","1,387","1,425","1,383","1,409","1,534","1,740","1,484","1,519","1,345","1,069","1,406","1,278","1,388","1,066","1,486","2,062","1,578","1,415","2,070","1,559","1,561","1,175","1,225","1,187","1,223","2,445","1,267","2,127","1,998","1,683","2,711","2,816","1,885","1,654","1,566","1,195","1,603","1,286"
840,"1,014","1,217","1,229","1,343","1,292","1,398","1,375","1,401","1,748","1,527","1,491","1,202","0,998","0,946","1,715","1,552","1,359","1,556","1,657","1,649","1,153","1,427","1,171","1,263","1,250","1,487","1,463","1,451","1,128","1,603","1,741","1,557","1,351","1,226","1,166","1,469","1,486","1,513","1,555","1,445","1,635","1,819","1,365","1,276","1,123","1,139","1,000","1,190","1,862","1,342","1,979","1,728","1,519","1,871","1,563","1,617","1,232","2,165","1,291","1,195","1,308","1,329","1,624","1,772","1,646","1,671","1,474","1,148","1,177","1,258","1,130","1,359","1,113","1,949","1,718","1,319","2,053","1,333","1,535","1,301","0,945","1,237","1,211","2,536","1,455","1,718","2,308","1,393","2,371","2,609","1,788","1,648","1,507","1,198","1,613","1,248"
860,"1,077","1,142","1,238","1,211","1,375","1,125","1,435","1,447","1,728","1,550","1,401","1,167","1,029","1,006","1,287","1,271","1,211","1,574","1,840","1,742","1,357","1,378","1,200","1,302","1,353","1,173","1,464","1,488","1,103","1,400","1,783","1,274","1,536","1,336","1,246","1,564","1,497","1,356","1,417","1,397","1,636","1,326","1,703","1,430","1,087","1,051","0,978","1,216","1,768","1,241","1,689","1,456","1,953","2,190","1,609","1,791","1,166","2,028","1,501","1,442","1,274","1,525","1,202","1,659","1,412","1,514","1,673","1,054","1,175","1,219","1,134","1,134","1,200","1,905","1,665","1,428","1,944","1,711","1,823","1,294","1,308","1,249","1,194","2,466","1,623","1,625","1,723","1,361","2,227","2,526","1,810","1,549","1,454","1,250","1,572","1,236"
880,"1,035","1,138","1,261","1,289","1,324","1,120","1,383","1,370","1,572","1,414","1,330","1,249","1,053","1,050","1,263","1,338","1,191","1,849","1,695","1,364","1,386","1,277","1,141","1,311","1,282","1,197","1,367","1,488","1,334","1,323","1,680","1,292","1,518","1,222","1,322","1,488","1,483","1,573","1,219","1,400","1,447","1,627","1,768","1,292","1,012","1,108","1,213","1,240","1,766","1,112","1,736","1,412","1,434","2,133","1,678","1,742","1,371","2,039","1,358","1,313","1,284","1,354","1,761","1,981","1,438","1,471","1,770","1,109","1,366","1,161","1,355","1,247","1,489","1,974","1,394","1,574","2,139","1,426","1,951","1,247","1,259","1,195","1,287","2,516","1,618","2,003","2,206","1,593","2,333","2,213","1,564","1,588","1,305","1,235","1,472","1,309"
900,"1,108","1,051","1,184","0,850","1,104","1,310","1,171","1,314","1,398","1,523","1,457","1,606","1,243","1,354","1,158","1,157","1,326","1,621","1,389","1,446","1,307","1,281","1,108","1,226","0,980","1,198","1,267","1,427","1,053","1,201","1,549","1,353","1,440","1,285","1,153","1,329","1,290","1,423","1,485","1,151","1,601","1,376","1,683","1,097","0,903","1,112","1,297","1,307","1,585","1,294","1,731","1,143","1,744","1,873","1,403","1,522","1,626","1,935","1,420","1,219","1,122","1,205","1,629","1,841","1,590","1,366","1,659","1,240","1,230","1,157","1,373","1,183","1,323","1,816","1,551","1,557","2,167","1,387","1,851","1,132","1,117","1,198","1,313","2,367","1,089","1,736","2,263","1,438","2,171","2,474","1,787","1,447","1,462","1,183","1,500","1,214"
920,"1,064","1,207","1,081","1,194","0,883","1,472","0,928","1,274","1,405","1,515","1,679","1,170","1,163","0,938","1,428","1,296","1,147","1,855","1,537","1,383","1,363","1,302","1,286","1,226","1,042","0,998","1,175","0,975","1,115","1,198","1,444","1,372","1,568","1,242","1,120","1,412","1,336","1,229","1,334","1,332","1,501","1,616","1,295","1,341","0,941","1,265","1,148","1,255","1,605","1,246","1,434","1,473","1,754","2,161","1,788","1,527","1,679","1,912","1,322","1,323","1,119","1,428","1,460","1,960","1,625","1,245","1,346","1,277","1,268","1,188","1,245","1,170","0,825","1,917","1,723","1,347","2,045","1,532","1,671","1,430","0,965","1,096","1,169","2,457","1,209","1,785","1,618","1,787","2,335","2,261","1,733","1,508","1,285","1,205","1,418","1,340"
940,"1,043","1,147","1,086","1,328","0,914","1,302","1,002","1,253","1,343","1,414","1,552","1,371","0,842","1,081","1,178","1,088","1,289","1,971","1,480","1,377","1,350","1,350","1,312","1,253","1,078","1,228","1,194","1,282","1,170","1,266","1,502","1,308","1,353","1,410","1,153","1,302","1,391","1,322","1,443","1,081","1,456","1,516","1,216","1,301","0,947","1,225","1,213","1,222","1,536","1,214","1,723","1,147","1,885","2,105","1,707","1,626","1,566","1,876","1,402","1,396","1,194","1,100","1,504","2,026","1,631","1,241","1,209","1,265","1,233","1,157","1,283","1,213","1,253","1,575","1,805","1,249","2,163","1,484","1,675","1,384","1,156","1,168","1,155","2,428","1,167","1,985","1,901","1,683","2,437","2,565","1,941","1,526","1,457","1,239","1,380","1,284"
960,"1,093","1,256","0,971","1,272","0,934","0,937","1,108","1,253","1,449","1,305","1,583","1,436","1,063","1,017","1,396","1,048","1,334","1,886","1,419","1,684","1,415","1,323","1,240","1,354","1,153","1,073","1,097","1,434","1,176","1,298","1,467","1,468","1,317","1,328","1,187","1,239","1,309","1,417","1,459","1,182","1,492","1,685","1,566","1,220","0,870","1,210","1,271","1,373","1,569","1,104","1,420","1,033","1,492","1,904","1,564","1,578","1,615","2,022","1,293","1,303","1,233","1,048","1,353","1,985","1,400","1,516","1,559","1,273","1,272","1,194","1,227","1,213","1,037","1,803","1,810","1,232","2,131","1,381","1,873","1,395","1,266","1,114","1,393","2,612","1,228","1,755","2,104","1,487","2,101","2,699","1,749","1,579","1,492","1,141","1,454","1,257"
980,"0,959","1,086","1,015","1,228","1,007","1,158","1,263","1,430","1,386","1,414","1,464","1,515","1,110","1,333","1,074","1,052","1,229","1,892","1,401","1,625","0,892","1,301","1,196","1,191","1,052","1,073","1,229","1,291","0,945","1,232","1,516","1,512","1,315","1,269","1,208","0,829","1,251","1,407","1,455","1,160","1,523","1,568","1,196","1,219","0,870","1,214","1,322","1,328","1,745","0,951","1,721","1,138","1,637","1,643","1,365","1,118","1,571","1,879","1,472","1,309","1,147","1,068","1,370","1,678","1,495","1,596","1,585","1,283","1,031","1,226","1,440","1,184","1,027","1,900","1,433","1,462","2,118","1,335","1,862","1,345","1,224","1,218","1,337","2,630","1,137","1,767","2,069","1,360","2,197","2,583","1,821","1,472","1,472","1,125","1,573","1,191"
1000,"1,058","1,156","0,998","1,138","1,015","1,310","1,394","1,251","1,514","1,470","1,333","1,472","1,173","1,263","1,242","1,090","1,290","1,871","1,275","1,596","1,302","1,215","1,133","1,290","1,049","1,045","1,241","1,350","0,966","1,114","1,521","1,425","1,397","1,306","1,219","1,168","1,398","1,208","1,404","1,055","1,345","1,431","1,251","1,069","1,061","1,245","1,262","1,130","1,587","0,985","1,518","1,133","1,642","1,990","1,408","1,473","1,483","1,751","1,478","1,265","1,171","1,442","1,411","1,646","1,534","1,672","1,265","1,250","1,229","1,153","1,350","1,137","1,203","1,597","1,564","1,426","2,210","1,174","1,378","1,421","1,355","1,267","1,158","2,378","1,244","1,774","2,121","1,419","2,231","2,652","1,764","1,394","1,416","1,188","1,515","1,343"
1020,"1,048","1,151","0,973","1,229","1,045","1,421","1,377","1,437","1,511","1,454","1,518","1,443","1,186","1,303","1,247","1,108","1,223","1,853","1,387","1,688","1,276","1,361","1,261","1,206","1,099","1,206","1,071","1,347","1,040","1,169","1,594","1,302","1,335","1,421","1,255","1,184","1,465","1,258","1,279","1,107","1,526","1,685","1,166","1,092","0,978","1,170","1,266","1,208","1,480","1,075","1,560","1,141","1,688","1,720","1,255","1,392","0,986","1,766","1,349","1,252","1,179","1,187","1,479","1,660","1,654","1,698","1,130","1,276","1,244","1,299","1,304","1,238","1,202","1,775","1,777","1,473","2,267","1,270","1,390","1,287","1,531","1,224","1,228","2,363","1,184","1,885","1,810","1,279","2,245","2,715","1,861","1,467","1,341","1,201","1,519","1,299"
1040,"0,972","0,985","1,117","1,243","1,081","1,410","1,319","1,292","1,579","1,344","1,482","1,625","1,219","1,298","1,281","1,152","1,263","1,736","1,440","1,460","1,304","1,305","1,236","1,275","0,883","1,178","1,185","1,285","1,003","1,120","1,576","1,428","1,313","1,287","1,184","1,282","1,505","1,218","1,100","1,072","1,470","1,638","1,146","0,982","1,143","1,223","1,318","1,260","1,552","0,943","1,644","1,055","1,721","1,776","1,228","1,199","1,393","1,620","1,384","1,280","1,210","1,188","1,398","1,669","1,716","1,643","1,420","1,361","1,208","1,233","1,181","1,198","1,285","1,834","1,466","1,552","2,235","1,299","1,722","1,421","1,267","1,293","1,228","2,651","1,180","1,854","1,456","1,315","2,182","2,687","1,870","1,541","1,546","1,189","1,318","1,207"
1060,"1,199","0,962","1,092","1,184","1,208","1,393","1,381","1,366","1,663","1,417","1,483","1,667","1,293","1,359","1,071","1,048","1,548","1,712","1,363","1,593","1,292","1,367","1,207","1,368","0,954","1,216","1,287","1,201","0,931","1,071","1,601","1,322","1,255","1,338","1,216","1,169","1,515","1,226","1,071","1,023","1,553","1,543","1,385","0,945","1,074","1,226","1,236","1,276","1,507","1,056","1,315","0,982","1,626","1,671","1,330","1,153","1,449","1,680","1,433","1,377","1,175","1,173","1,579","1,771","1,740","1,654","1,491","1,310","1,192","1,249","1,249","1,169","1,331","1,866","1,551","1,534","2,265","1,282","1,729","1,416","1,354","1,186","1,273","2,487","1,050","1,873","1,591","1,297","2,218","2,588","1,878","1,457","1,511","1,223","1,506","1,205"
1080,"1,164","0,976","1,196","1,087","1,292","1,506","1,388","1,411","1,324","1,452","1,491","1,730","1,244","1,308","1,158","1,153","1,595","1,719","1,291","1,560","1,229","1,307","1,272","1,292","0,952","1,332","1,325","1,184","1,124","1,164","1,800","1,318","1,437","1,322","1,145","1,043","1,436","1,117","1,094","1,110","1,592","1,522","1,390","0,937","1,267","1,190","1,245","1,288","1,487","1,036","1,504","1,037","1,676","2,009","1,146","0,901","1,208","1,672","1,314","1,436","1,277","1,153","1,469","1,585","1,401","1,565","1,450","1,339","1,098","1,249","1,266","1,200","1,385","1,586","1,582","1,526","2,022","1,158","1,739","1,253","1,429","1,182","1,172","2,534","1,237","1,741","1,508","1,081","2,264","2,707","1,738","1,433","1,533","1,280","1,499","1,422"
1100,"1,133","0,924","1,211","1,051","1,178","1,513","1,394","1,382","1,438","1,328","1,571","1,574","1,303","1,191","1,081","1,039","1,614","1,712","1,222","1,522","1,252","1,364","1,254","1,301","0,894","1,315","1,470","1,200","1,138","1,405","1,697","1,198","1,311","1,346","1,255","1,094","1,468","1,148","1,100","1,044","1,513","1,690","1,509","1,027","1,278","1,172","1,398","1,175","1,462","0,910","1,199","1,020","1,731","1,726","1,269","1,006","1,226","1,752","1,353","1,414","1,277","1,096","1,454","1,722","1,528","1,576","1,473","1,385","1,081","1,172","1,325","1,209","1,311","1,634","1,640","1,568","2,242","1,136","1,696","1,325","1,401","1,173","1,157","2,548","1,297","1,882","1,629","1,194","2,047","2,571","1,750","0,935","1,428","1,162","1,442","1,650"
1120,"1,043","1,116","1,196","1,125","1,271","1,269","1,542","1,270","1,373","1,315","1,577","1,626","1,345","1,046","1,169","1,103","1,690","1,781","1,197","1,390","0,824","1,312","1,267","1,181","1,040","1,343","1,338","1,162","1,006","1,593","1,665","1,147","1,338","1,378","1,235","1,149","1,495","1,147","1,079","1,030","1,564","1,650","1,501","1,059","1,406","1,182","1,262","1,278","1,578","1,071","1,480","0,938","1,684","1,792","1,298","1,089","1,357","1,444","1,546","1,246","1,300","1,168","1,462","1,719","1,545","1,513","1,363","1,314","1,090","1,116","1,284","1,230","1,317","1,611","1,770","1,497","1,969","1,076","1,611","1,273","1,507","1,333","1,282","2,717","1,159","1,792","1,711","1,194","2,179","2,548","1,834","1,044","1,452","1,297","1,496","1,661"
1140,"1,056","1,129","1,241","1,125","1,240","1,312","1,316","1,464","1,437","1,442","1,616","1,756","1,384","0,946","1,081","1,103","1,652","1,700","1,325","1,222","0,969","1,323","1,146","1,203","1,009","1,454","1,473","1,150","1,282","1,517","1,937","1,080","1,381","1,253","1,228","1,100","1,434","1,222","1,037","1,119","1,664","1,573","1,505","0,935","1,308","1,163","1,260","1,218","1,392","1,264","1,410","0,955","1,569","1,905","1,299","1,082","1,277","1,190","1,393","1,269","1,482","1,357","1,459","1,669","1,630","1,586","1,666","1,389","1,134","1,180","1,315","1,281","1,270","1,921","1,764","1,511","2,141","1,203","1,508","1,309","1,411","1,208","1,205","2,564","1,120","1,516","1,561","1,307","2,212","2,497","1,846","1,413","1,381","1,069","1,501","1,422"
1160,"1,281","1,300","1,323","0,976","1,182","1,459","1,417","1,275","1,430","1,357","1,627","1,502","1,119","1,091","1,384","1,464","1,387","1,651","1,574","1,213","1,273","1,299","1,243","1,189","1,394","1,029","1,205","1,272","1,244","1,450","1,831","1,455","1,420","1,427","1,341","1,139","1,076","1,455","1,465","1,478","1,510","1,518","1,510","1,291","1,287","1,236","1,267","1,252","1,451","1,181","1,158","1,431","1,188","1,994","1,473","1,456","1,087","1,297","1,367","1,325","1,274","0,937","1,123","2,036","1,331","1,223","1,431","1,037","0,793","1,141","1,270","1,167","1,178","1,815","1,294","1,304","1,931","1,397","1,701","0,922","1,584","1,266","0,881","2,634","1,528","1,555","1,867","1,377","2,470","2,568","1,728","1,449","1,376","1,200","1,701","1,135"
1180,"1,086","0,969","1,299","1,081","1,141","1,444","1,471","1,340","1,440","1,381","1,535","1,722","1,334","0,966","1,183","1,029","1,556","1,604","1,360","1,134","1,144","1,323","1,273","1,170","1,060","1,415","1,545","1,054","1,197","1,521","1,782","1,082","1,301","1,253","1,284","1,141","1,394","1,229","1,138","1,170","1,613","1,588","1,565","0,995","1,245","1,194","1,260","1,184","1,545","1,388","1,283","1,060","1,538","1,965","1,193","1,139","1,307","1,542","1,373","1,361","1,385","1,474","1,249","1,602","1,524","1,563","1,467","1,285","1,057","1,254","1,165","1,195","1,317","1,708","1,640","1,475","2,125","1,200","1,493","1,250","1,320","1,266","1,104","2,789","1,206","1,660","1,705","1,208","2,132","2,729","1,863","1,366","1,489","1,218","1,503","1,225"
1200,"1,115","1,032","1,330","0,941","1,330","1,427","1,415","1,407","1,544","1,506","1,478","1,627","1,420","0,946","1,062","1,143","1,588","1,743","1,444","1,246","0,883","1,303","1,324","1,184","1,304","1,359","1,403","1,174","1,235","1,561","1,901","1,074","1,272","1,421","1,229","1,195","1,301","1,429","1,370","1,126","1,644","1,667","1,559","1,092","1,229","1,286","1,304","1,361","1,403","1,435","1,315","0,947","1,663","1,943","1,318","1,140","1,266","1,666","1,250","1,368","1,411","1,394","1,146","1,722","1,549","1,427","1,576","1,298","1,056","1,292","1,302","1,197","1,269","1,553","1,673","1,334","2,106","1,101","1,257","1,091","1,411","1,203","1,148","2,453","1,123","1,494","1,606","1,100","2,193","2,748","1,825","1,481","1,368","1,088","1,421","1,276"
1220,"1,260","0,858","1,342","1,046","1,308","1,315","1,330","1,396","1,412","1,361","1,493","1,667","1,251","0,853","1,126","1,251","1,491","1,447","1,397","1,514","0,838","1,297","1,261","1,229","1,311","1,346","1,280","1,050","1,290","1,526","1,909","1,190","1,289","1,371","1,199","1,159","1,305","1,300","1,198","0,947","1,621","1,701","1,435","1,016","1,493","1,096","1,200","1,277","1,458","1,274","1,181","0,950","1,584","1,753","1,432","1,242","1,272","1,582","1,385","1,297","1,468","1,184","1,069","1,697","1,513","1,632","1,262","1,184","1,072","1,247","1,112","1,147","1,270","1,588","1,633","1,377","2,125","1,191","1,553","1,080","1,442","1,252","1,070","2,583","1,226","1,516","1,486","1,322","2,365","2,686","1,715","1,333","1,429","1,336","1,653","1,185"
1240,"1,053","1,099","1,432","0,948","1,259","1,416","1,510","1,222","1,622","1,415","1,416","1,690","1,345","1,091","1,151","1,031","1,511","1,690","1,554","1,518","0,769","1,392","1,196","1,348","1,353","1,220","1,220","1,054","1,343","1,611","1,783","1,087","1,308","1,291","1,268","1,118","1,275","1,343","1,251","1,132","1,716","1,613","1,627","1,062","1,331","1,100","1,291","1,241","1,335","1,246","1,328","1,117","1,482","1,915","1,434","1,111","1,328","1,531","1,416","1,335","1,451","1,290","1,096","1,676","1,456","1,427","1,158","1,343","1,091","1,249","1,230","1,206","1,351","1,722","1,707","1,411","2,173","1,190","1,655","1,197","1,416","1,212","1,075","2,455","1,322","1,635","1,619","1,397","2,203","2,727","1,833","1,417","1,494","1,356","1,519","1,281"
1260,"1,280","1,148","1,296","1,041","1,294","1,430","1,365","1,272","1,605","1,521","1,631","1,712","1,366","1,058","1,106","0,999","1,538","1,565","1,508","1,487","0,814","1,458","1,229","1,255","1,062","1,295","1,193","1,002","1,230","1,586","1,469","1,058","1,429","1,304","1,276","1,149","1,379","1,363","1,329","1,195","1,832","1,619","1,466","1,117","1,359","1,355","1,159","1,309","1,391","1,368","1,160","1,184","1,545","2,122","1,328","1,190","1,271","1,624","1,393","1,257","1,521","1,123","1,203","1,518","1,388","1,379","1,306","1,290","1,102","1,264","1,249","1,244","1,339","1,812","1,548","1,431","2,031","1,213","1,715","1,105","1,280","1,228","0,868","2,671","1,111","1,465","1,704","1,194","2,283","2,745","1,681","1,381","1,409","1,265","1,546","1,222"
1280,"1,347","1,109","1,331","0,936","1,274","1,501","1,363","1,445","1,460","1,432","1,471","1,651","1,274","1,129","1,105","1,040","1,411","1,554","1,527","1,363","0,763","1,396","1,174","1,276","1,144","1,120","1,231","1,066","1,374","1,550","1,494","1,192","1,471","1,252","1,216","1,131","1,435","1,442","1,280","1,093","1,576","1,547","1,581","1,180","1,320","1,149","1,250","1,161","1,476","1,229","1,309","0,945","1,585","1,927","1,543","1,229","1,296","1,411","1,402","1,302","1,451","1,019","1,115","1,609","1,496","1,337","1,250","1,245","1,104","1,152","1,203","1,348","1,440","1,864","1,691","1,445","1,962","1,085","1,626","1,047","1,460","1,152","0,996","2,590","1,262","1,756","1,710","1,248","2,401","2,648","1,732","1,370","1,443","1,193","1,502","1,198"
1300,"1,279","1,077","1,376","0,868","1,300","1,300","1,510","1,408","1,516","1,416","1,491","1,740","1,198","1,149","1,095","1,074","1,437","1,598","1,540","1,589","0,795","1,402","1,279","1,196","1,304","1,094","1,211","1,182","1,255","1,532","1,712","1,317","1,256","1,248","1,207","1,226","1,452","1,546","1,289","1,073","1,717","1,601","1,619","1,120","1,563","1,153","1,250","1,218","1,537","1,207","1,203","0,903","1,634","1,927","1,103","1,375","1,387","1,575","1,320","1,330","1,427","1,005","1,154","1,757","1,346","1,367","1,497","1,253","1,078","1,176","1,334","1,202","1,453","1,592","1,739","1,367","2,088","1,424","1,651","1,128","1,408","1,163","0,956","2,486","1,327","1,501","1,898","1,265","2,309","2,779","1,775","1,427","1,346","1,297","1,536","1,220"
1320,"1,119","1,262","1,312","0,959","1,257","1,275","1,458","1,158","1,508","1,476","1,546","1,676","1,213","1,220","1,163","1,081","1,453","1,543","1,646","1,447","0,866","1,346","1,224","1,329","1,269","1,126","1,180","1,196","1,371","1,665","1,542","1,434","1,282","1,379","1,167","1,170","1,316","1,493","1,418","1,197","1,872","1,634","1,528","1,282","1,325","1,160","1,242","1,256","1,435","1,120","1,005","0,998","1,523","2,139","1,209","1,304","1,288","1,508","1,513","1,412","1,331","1,013","1,105","1,801","1,450","1,292","1,604","1,263","0,992","1,180","1,439","1,188","1,424","1,449","1,599","1,573","1,882","1,390","1,866","1,032","1,265","1,302","0,972","2,543","1,363","1,434","1,835","1,289","2,451","2,643","1,871","1,377","1,323","1,155","1,594","1,286"
1340,"1,278","1,228","1,332","1,034","1,273","1,482","1,559","1,325","1,565","1,531","1,486","1,777","1,156","1,336","1,182","1,110","1,268","1,586","1,610","1,545","1,143","1,404","1,215","1,192","1,325","1,070","1,069","1,247","1,398","1,618","1,659","1,475","1,291","1,314","1,279","1,110","1,231","1,472","1,465","1,274","1,691","1,564","1,545","1,358","1,269","1,235","1,225","1,212","1,517","1,018","1,073","1,082","1,472","2,140","1,538","1,389","1,310","1,495","1,508","1,358","1,245","1,085","1,169","1,892","1,459","1,291","1,607","1,242","0,980","1,206","1,211","1,121","1,413","1,703","1,646","1,517","2,090","1,297","1,709","0,982","1,283","1,170","0,928","2,529","1,429","1,565","1,963","1,434","2,340","2,650","1,887","1,470","1,538","1,285","1,788","1,195"
1360,"1,281","1,222","1,343","0,858","1,281","1,294","1,349","1,351","1,536","1,518","1,434","1,819","1,104","1,364","1,211","1,081","1,381","1,489","1,587","1,422","0,868","1,405","1,344","1,264","1,260","1,066","1,039","1,397","1,316","1,572","1,568","1,383","1,363","1,422","1,158","1,216","1,138","1,369","1,488","1,310","1,853","1,560","1,622","1,479","1,289","1,318","1,237","1,222","1,499","1,008","0,977","1,057","1,394","2,079","1,514","1,363","1,324","1,321","1,296","1,344","1,212","1,009","1,195","1,639","1,338","1,262","1,593","1,228","1,003","1,271","1,225","1,194","1,453","1,640","1,682","1,353","1,803","1,440","1,606","1,099","1,417","1,128","0,876","2,660","1,297","1,506","1,823","1,270","2,608","2,557","1,684","1,391","1,332","1,291","1,471","1,241"
1380,"1,334","1,301","1,450","0,990","1,324","1,316","1,352","1,316","1,619","1,464","1,613","1,653","1,036","1,377","1,271","1,105","1,217","1,590","1,550","1,590","1,150","1,258","1,283","1,274","1,368","1,104","1,150","1,420","1,356","1,642","1,788","1,441","1,371","1,461","1,305","1,172","1,151","1,421","1,430","1,262","1,774","1,663","1,562","1,342","1,261","1,243","1,200","1,152","1,477","1,069","1,104","1,105","1,428","2,084","1,485","1,337","1,166","1,357","1,321","1,389","1,132","1,124","1,115","1,809","1,475","1,221","1,485","1,169","0,906","1,157","1,222","1,277","1,326","1,806","1,590","1,435","1,959","1,515","1,706","1,103","1,320","1,346","0,814","2,437","1,404","1,627","1,972","1,459","2,431","2,548","2,009","1,452","1,567","1,314","1,750","1,018"
1400,"1,563","1,366","1,408","1,310","1,161","1,401","1,452","1,297","1,291","1,446","1,462","1,391","0,990","1,214","1,393","1,493","1,383","1,889","1,682","1,428","1,167","1,324","1,253","1,347","1,029","1,280","1,488","1,264","1,004","1,290","1,680","1,434","1,401","1,128","1,163","1,082","1,379","1,172","1,209","1,301","1,499","1,208","1,390","1,458","1,208","1,260","1,234","1,148","1,214","1,261","1,462","1,392","1,377","1,978","1,437","1,347","1,246","1,204","1,353","1,198","1,359","1,321","1,476","1,517","1,647","1,385","1,437","1,023","0,883","1,279","1,362","0,869","1,048","1,690","1,507","1,463","2,125","1,610","1,347","1,039","1,308","1,192","1,054","2,398","1,471","1,898","2,047","1,639","2,525","2,403","1,753","1,407","1,343","1,179","1,825","1,203"
1420,"1,545","1,360","1,426","0,919","1,253","1,348","1,535","1,330","1,508","1,376","1,429","1,502","0,934","1,208","1,321","1,431","1,226","1,627","1,595","1,471","1,166","1,373","1,304","1,283","1,339","0,970","1,269","1,305","1,449","1,446","1,979","1,369","1,273","1,471","1,139","1,083","1,288","1,452","1,397","1,499","1,618","1,584","1,610","1,321","1,461","1,205","1,331","1,218","1,561","1,008","1,069","1,041","1,385","2,024","1,526","1,334","1,331","1,318","1,325","1,253","1,081","1,271","1,198","1,963","1,373","1,377","1,448","1,233","0,932","1,203","1,249","1,164","1,341","1,573","1,552","1,283","1,919","1,566","1,447","0,999","1,320","1,296","0,723","2,451","1,553","1,778","2,082","1,738","2,419","2,670","1,750","1,301","1,541","1,247","1,687","1,171"
1440,"1,530","1,402","1,414","0,891","1,228","1,296","1,515","1,335","1,461","1,346","1,481","1,592","1,053","1,382","1,286","1,223","1,213","1,541","1,625","1,434","1,256","1,261","1,325","1,290","1,369","1,093","1,169","1,392","1,470","1,563","1,804","1,395","1,350","1,512","1,451","1,178","1,096","1,324","1,387","1,300","1,719","1,563","1,551","1,458","1,361","1,332","1,223","1,225","1,541","1,027","1,072","1,114","1,456","2,012","1,576","1,406","1,294","1,411","1,332","1,328","1,092","1,359","1,261","1,674","1,370","1,208","1,517","1,103","1,040","1,166","1,280","1,193","1,420","1,338","1,546","1,398","2,064","1,442","1,431","0,925","1,407","1,387","0,887","2,519","1,612","1,560","2,149","1,413","2,288","2,495","1,697","1,464","1,577","1,363","1,727","1,294"
1460,"1,359","1,414","1,400","1,021","1,242","1,300","1,345","1,360","1,470","1,532","1,543","1,514","1,011","1,284","1,262","1,184","1,232","1,602","1,753","1,565","1,118","1,311","1,322","1,260","1,154","1,127","1,143","1,486","1,368","1,551","1,798","1,521","1,382","1,343","1,317","1,241","1,159","1,307","1,507","1,379","1,764","1,595","1,611","1,365","1,236","1,185","1,395","1,160","1,574","1,080","1,070","1,246","1,365","2,032","1,596","1,422","1,279","1,517","1,452","1,366","1,086","1,284","1,263","1,698","1,442","1,228","1,425","1,260","1,028","1,205","1,220","1,279","1,365","1,411","1,660","1,284","2,046","1,464","1,455","1,075","1,405","1,245","0,846","2,639","1,461","1,720","1,943","1,589","2,428","2,651","1,784","1,366","1,468","1,133","1,612","1,228"
1480,"1,528","1,264","1,341","1,352","1,220","1,326","1,333","1,508","1,505","1,384","1,393","1,460","1,237","1,026","1,378","1,333","1,609","1,874","1,576","1,444","1,167","1,383","1,209","1,284","0,946","1,445","1,490","1,312","1,042","1,196","1,692","1,517","1,238","1,079","1,240","1,104","1,410","1,072","1,061","1,099","1,416","1,080","1,294","1,311","1,385","1,222","1,249","1,222","1,200","1,308","1,437","1,143","1,330","1,812","1,418","1,488","1,110","1,220","1,471","1,314","1,581","1,255","1,285","1,571","1,637","1,423","1,289","0,871","0,781","1,210","1,233","0,873","0,922","1,436","1,538","1,570","2,211","1,560","1,449","1,080","1,454","1,172","1,141","2,542","1,650","1,746","1,667","1,710","2,328","2,187","1,934","1,420","1,468","1,140","1,893","1,124"
1500,"1,366","1,343","1,399","1,028","1,205","1,453","1,503","1,381","1,478","1,621","1,472","1,622","0,971","1,218","1,307","1,521","1,239","1,638","1,598","1,497","1,171","1,356","1,178","1,349","1,176","1,274","1,326","1,312","1,405","1,579","1,795","1,446","1,293","1,297","1,171","1,134","1,108","1,183","1,320","1,407","1,782","1,567","1,521","1,459","1,336","1,229","1,262","1,226","1,457","1,091","1,215","1,319","1,444","2,072","1,571","1,472","1,241","1,390","1,382","1,341","1,246","1,481","1,434","1,708","1,453","1,251","1,460","1,132","1,049","1,247","1,234","1,152","1,261","1,501","1,299","1,345","2,044","1,617","1,433","0,886","1,404","1,246","0,926","2,403","1,584","1,751","2,007","1,668","2,399","2,583","1,711","1,442","1,507","1,259","1,797","1,137"
1520,"1,483","1,521","1,344","1,365","1,218","1,480","1,411","1,301","1,486","1,450","1,496","1,354","1,179","0,982","1,468","1,336","1,516","1,861","1,579","1,591","1,202","1,381","1,222","1,304","0,899","1,425","1,490","1,104","1,045","1,150","1,766","1,347","1,542","0,889","1,148","1,044","1,403","0,987","1,085","1,191","1,469","1,228","1,198","1,350","1,475","1,100","1,318","1,239","1,153","1,350","1,365","1,309","1,444","1,907","1,387","1,497","1,054","1,192","1,416","1,197","1,514","1,171","1,195","1,566","1,581","1,536","1,124","0,921","0,859","1,193","1,344","0,835","0,888","1,449","1,491","1,515","2,121","1,526","1,271","1,127","1,355","1,131","1,155","2,471","1,397","1,788","1,717","1,603","2,398","2,280","1,999","1,371","1,434","1,184","1,976","1,214"
1540,"1,408","1,322","1,345","1,119","1,335","1,345","1,476","1,320","1,549","1,483","1,467","1,426","0,993","1,123","1,320","1,533","1,274","1,782","1,603","1,358","1,220","1,455","1,300","1,152","1,094","1,222","1,325","1,307","1,169","1,327","1,869","1,481","1,424","1,425","1,241","1,076","1,178","1,115","1,302","1,382","1,778","1,573","1,541","1,328","1,349","1,263","1,290","1,199","1,547","1,164","1,304","1,281","1,413","2,011","1,613","1,489","1,365","1,250","1,530","1,290","1,260","1,531","1,460","1,668","1,349","1,267","1,437","1,152","0,841","1,237","1,259","1,102","1,092","1,572","1,382","1,254","1,981","1,460","1,458","1,045","1,287","1,236","0,950","2,589","1,494","1,916","2,037","1,674","2,436","2,487","1,822","1,412","1,494","1,079","1,783","1,161"
